1,Animals ,1,iVBORw0KGgoAAAANSUhEUgAAAEAAAABACAYAAACqaXHeAAAGgElEQVR4Xu2afWjVVRjHP8/dXJtWGmqooIX4hwszMkkljByogUUSZFiURtmLf1ipeX9TyxW23TlTVEhKI2dkkH9YYJBFZpSkwhB6o4EKFqmgolZuV3e3E+fst3k378v5vU3X7gOX7XfvOc95nu/vOc/bOUIfJ+nj+lMAoGABfRyBwhbo4wZQcIKFLXA9bAFVx3jamIXiAWA4MBQYAhyhlQpZwcmo5LxmFmCUbuVFhIdQjMyqoDBF4hz43wCgEtwJrAVm5FHqDLBaHDZEpbzm22MWoN6jH+d4C1gKFOdQ6gSwHWEbzRyVKlK9HgC1liGk+BSYlkWZZuBf4EagLG2M/n4vilVSSUMUQERuAaqasQhfItyWQQH9dnNZQ8eUZoopl6UcDxuESAFQtYxA8SMwKqDgF1BMlEqOBORz1fRQAVDrGUQzw4CzXOYipcZ7a6fnh/425g87SbJbqtDPoVMgAFQVxZTyKPCEu79vTpPwAjDQo8Q/I+wEvmYQDfICLR7nex7uGwBVw2iEj4HJnlftOuEsUE8R9fIaPwXk5Xm6LwBUDY8hbAXS37jXxbVJvwNsEAdtLdeEPAOgaqgwXh36+ZS4CWETrdTJcvTbv6bkCQBVwxjEOLbBPqVOoZgcVUz3I5M1AMbhlXEYxbi0hU4i7ECZ4kU7wvwxXXhZ4mz0I2wUc+wBSLAAeL+LlxfukDg6dUXV8BzCFgsht4jD8xbjemSIFQBqHWW00NilalPslkoe7pBS1TGAVpPO5qMz4hiLuS7IDoAELwHvdpP4CEnKO4oVVc0kYtZl6waSLI260LFB2BYA7fVnZmD4mQll7T5gfZZ8P5scf6DQ8w9QRCP9OCavct5G6DDH2AKgBfOa1fmRU1d/2rHqDtAJFI0IDaQ4GFVXyBYA5UebkOfo8LuDJPVh1gW2ABwFRoeskF92pxBWSpwP/DJIn2cHQA3zET4MY8EQeXwFzAmaRlsBYOJ8gpkoViBMsUp4QtQ0KyvhF1LMCOIfrAHojPcJBiKUo8yWGIyiP8JYYH5P6JxhjUMkmSpVXPazvmcAMi2iEiacPeJHgJDmbBaHhX54BQZAVTOYmAlbfqtDP3J3n5OiiHv89BPCAOA+YvwQhhYBeXwuDrO98ggOQC33ojhouXAKYReK/QhnjP9QaAArcp4O2TFP0coorw4xOABV9KfUpLD5tsAe2nhFlvN7d31UFSWUshhYCQyw0zfjqIXisNnL/MAAuCFyT56jrn0kmZ5e/CgdTWJMpZUhxPgL+NW0zxXfASVelOgcK3wicdOXsKawAMhULXYIoc1+nMRpNGDp1vkl1gOPdzsF0j8fQNGCMNVag64DD4vDBC9zwwHgbYZT1N4YyUDfikOFUX4Nw2hjf4Rp9UlxGNHjALjbQIdCfSjSnVaJYw5FdTb5DbSDERGliFMignXxFooFGOVq0fX91ef8imekkm2q1mSPv0Wk+BW2SQZIFU2264QCgGqPBLodlonfk+KwQyWMc9IHKVHSKXHMDRNrCgeANUygLevx9SJx2OSeJ+gtECUdA3TpfhHYKg5f5FssHABqmGva45lpnTgsUdUMJWYcZf7WeT6pbX9XLJBKc4KVlcIBIMEbwJtZVjEW4DpBLcyztvIHHif8KfHcR/PhAFBrDkfmZhB4jzg82PG9KZyEvQjjAytnx6BJnNyZZTgAJMz+756AnCbGeFnGqXRZTSKU5CNzOywc2gemH5EpBG8Xh3k9sQUydY3nicP2bIurBLPAnDfo22L56ohsbHaRZA5l3IpiCfCUe8dQj9c9ivn5WmaBLcBNbc91k7BBHCbavGBzgaqVOSimA5Pci5I2U3XQnSRxDnWxMO1sy2ixPWPwBYBSCLUm6RmFMNtF/4ocMe6XZXzfRbDVjKSEu2gzh6s6XdXxWputrv5KTQEklKDMd7YW8bo4rLZDK/MoTwC4b2sjyjQe0q+zXeGeVpG5CdIi4GmgPIigGecqjksltwfh6w2A/L2/s7RRLss57db4+jDj7iAC5p2b5Aa/DVHN2xoA1+wv5TRPN+83Mb+WaShzyytKOi8OtwRZwB6A9hthuvGhQ47eo7ppof/qj77wWCcOqzpjvt7zxdQjjDGtL8xHj9Vpqi5WOj76+R/zLDShOguZm1z/oH2EnqvvI+m/+ln/r+8YLc4VaWyAsQbAhllvHFMAoDe+tTBlLlhAmGj2Rl4FC+iNby1Mmfu8BfwHHU63UK7t0H8AAAAASUVORK5CYII=
2,Capitals,1,iVBORw0KGgoAAAANSUhEUgAAAEAAAABACAYAAACqaXHeAAACfElEQVR4Xu2XQWsTURSFzwn1B/gHXLhyHwVxV5pEEN36a1y4CiE1VEoRrOKmXQhFceHGqkgXWoK8WJGqWDcGxE2xiKUmppkrtB0nglIyffPeG+dmm5l37/nmvHfuIwr+Y8H1QwGoAwpOQLdAwQ2gh6BugTRbQJ6eOYcoev7Hu8QSolKdtZdradb09U4qB/wVQKJgGbIHYsWXqHHqZgHgoD5XQWmyYh6M05DrZzMEcCBFsI4SpvH15CIvLw1dCzysXvYAkg66IFr4gdu8ZHYOa8zV/y4BxJo2Qcyi93OOF99suRL6rzo+AMS9fAcxD+7OcOr1Z18gfAKINfdBLCAaNllb23ANIgQAseYhiPsgGpwyHVcgQgIwolmegKyzYp5lDSJQAL9lt/cckeEsETqAmMR7QJo4zkWeNgObrsgLgFhzF5AZ9Dhva5bIG4BkloDMoT+YPeoskVcAMYhtQG6hNGylnSXyDiCZJSDXWO1cGfd8+B8AbEDQxO63BV742C8SgA4EDbww93gV0bjC4+dz6ABZgbDOmllOK3r0vbwAiAB5iIh1njdtG8Lz4oABIHdBabDy6q1N4aED2AHkDsBpVk03C+FhAiC2IHIDE7zOSbOZpfDQAHyBoIVjvZucXN92ITwUAEfKcBugfKWAlQzPIQC7GZ4XAPsZvh9lqzaatrlGllsg8wy3ASILAM4yPCwAHjLcH4BH5VMo4d1IAx8w0Su7znB/AB6XTwD4NNJAm1Vz1kZDrtdIdwYoAHWAbgE9A/QQ1BTQGNQ5ICGgg5BOgjoK611AL0Oub3I26qW6DdooHMoaCiCUL+GrD3WAL/Kh1FUHhPIlfPVReAf8AmnClFDfrKXeAAAAAElFTkSuQmCC
3,Countries,1,iVBORw0KGgoAAAANSUhEUgAAAEAAAABACAYAAACqaXHeAAAFdklEQVR4Xu2af4gVVRTHP2d2dVMKqSQyI4qiH4q17ZtdzeyHBUVYEkIabpFGOk8Ny8LCtDJQM+0HSLFvFNJNMy0CyX+EolLKkjdvzWwrsTDWygwzzFLLfXNjxnnLa33NzMN9My5v7p9vzpz7Pd/7Peeee+cJVT6kyuMnISBRQJUzkKRAlQsgKYJJCiQpUOUMBKaAadEHuKiX8tRh6Bz3wx6GgCuBb3opAZcZOt8nBPgwkCggSNqmRXEKfALcGfROzM+3A5d4GHo4BYTNRoqbYw7Qd3rT4jvg0l5JwHyFdv52RonNTQh1QIeRYnkhYtNigKFzyI+BXknAis+50O7DcyjuBs7xAjwILFLCflE0AjcCw4ClYrPJruUvx07rROxaapVGx7R6foqMANOiAZgIrDV02spNi0yOyekUK70+40twa00rwtkoxpbrD8U8o5GFkRCwbDd1dYdo93LNRliB4skgeRaCyrShi822fF8GTr+a302LMQjjJM/LSmMNUH9aE2BmMRAyHsg8wksoxiiN6ekGtgSBN3PMQPEqwsNelzkc5Xabheod5OLk51EqwMwyF2FBEYoRnf1orz1Cs5Znw5QR7A+KwLS4B3gT3Fb71EdMBBwBlgGLw8q/5QsGa3med3NecRXCKhRfA08DNcCPCFvF5mOl8RiKkaHYiZSAHE+haLRrmDXtWn4IBdAzyrRxjSheRLGx5h/WPDQSp9qfNEyL0cD7HinBU0RJwMqPOGPyaI4Foypt0bKdi7U8C4FxwB9AFtgGHFDCMQGnJkwCtxcIN6IkIBwi3+CdgAeW4ecwwgaU2weU3iGiJMApYGLz69QmNpcRhGtqWnwIrrz9h7AVhQXMdA2dbbaRJabFIIS7ULwC9O9yEiUBXiDDDJ2dQXEUPzctd9V/CZ3XgoFTL+Asz890Q6fFnT/LfIRnC/6V8KDXWJ2+ZwHTciXsdH1hxyEUSxGGoNiCsNrQcXYeR0kDgJ89FSwzdB7xfo+GgJYdnCed3CYwypNqa9D102vtnFl71AVdWNFgIoQsNp8irDN0t1B2DdPiceBIQRWREbA8y/1KeKMb+j1KmJNOsd4vqkwbQ0S5pP3tFUKnIRoewITTdjcVVt/PNpKzgGnxALCqJBDhPRRpQ2df8PJ2SXmvjyoOaHmapgxnT0h/lU8BXwJOoDwoikenNrI6FOgsryNMLmGbVxq3hDlfFN6NSgGObN8OEVyzobM2yC6TY4Io1pWwe8fQGR/0fre6UHkFuMUmxwsonvADpzRGphv4LCgAp6Bqx0seoOYYOovD3ARFqoCuyfxJcC5KmoOCLwL+FTC02F4JY9MpNpo5Fhgp5oXxFUkKFIB4PX2p4tSe78sNzmVHGNDe9uU0PM62VhiHO/txwYyh/Gla7DJ0rgjjK1ICMm3cKjYfdAPmEHJ92F2g8G6mjevEZmuXL2GukWKRR85MQ3eP3YEjUgLMHLNRLClC5VyEOMH7fo76vyi6zgmK9ft0Js4X7MCIuxlES0CWdQgTPAwdwO2Gzrflgi6qA/3Fpn5qU5ESynQWLQEWu4DLgZ12LXc419Jl4u0Rc+eQpTQGpxvYETUBR73TXX3YK7EeibjIiXfD/C7wjKHTGjUBv5XT8fVk8N7Bai4wy7s5mhQ9ATlmK9iZTrGpJ4ML8pXJcZ+cKL6DimyjJyAIaCWed/smUTxFlRCQ4y0U95YgtzoIcBom7yvSfzhQGtucK/pIi2AlJH6qPitLwAl0+VMFWeH3na9LhdHD/xCpMPIKuE8ICDqXhPmXWB+7hsEVWJ2Kuzx3N3vHj/dP2UACKo4y5gkSAmJegNinTxQQ+xLEDCBRQMwLEPv0iQJiX4KYASQKiHkBYp/+X+q6yF9X++z+AAAAAElFTkSuQmCC
4,Earth,1,iVBORw0KGgoAAAANSUhEUgAAAEAAAABACAYAAACqaXHeAAAMCklEQVR4Xu2aCZAcVRnHf68nSyJCraEUjYAcKVRAgez0koSz8AJKEEWuQkEhJL1AJAG5CeG+Eq7EhGzHcESQwqCyCohiEEqpYLI9CxFBSiqAmLCgKWIMhGw208/6+r3u6Z6dmZ29VCr7qrZqtvsd3/u/7/y/VmzlTW3l+2cYgGEN2MoRGDaBrVwBhp3g0JiAHzTQ1ehw7p5d/+8aNvgALHhuN5wtD4DzG7z81VsXAK2F41B6ETAa2ESY24uzxr1eFQQ/2Bad2wlV3BkYE/VT4RrChjdRxTV47sahBnBwNGDJkhzrxt4BempK4NeAY/HcFzKbWLhiH7RzHPB1oKn2BnUAzsNo1UZL00tDAcbgAOAX7gJ9RklA9SDoFjx3ffTsKu0wpuABFwK793MjK4HL8dzH+jm+4rCBA+C3Xw/qMjv7RrSaSkv+nmQ1Yxb3AduWSVAEtRz0K6DeBjrtezEF+RsLejyQy47TT4K6CM/tGAwgBgaAH5wLzLGCdANH47lPJIL57ZeDuq6GoKLWZ+C5yyv2WbRsB4ojJ4H+PvDxVJ8icD6eO3egIPQfgNbCkSj9uBUgRKtTaMn/JPp/7isjGfnvO7NmwTvAfNAhqNOBT9mxogkz8fI3ZDZz559Gk9t8FXAW0FB5o3ohqKl4roDfr9Y/AO55ahSbt5fTi+35bDx3QWnz6wWYw1MSyeZ3Sbx6BNC/plntiDe3iNGvtkRj1o1tAS2b/2hqjjWRDwDxKz8CtrfvRONE8/oFQv8A8AtXWgElbt2Nl59UUvuMQxRVFRtehOdO7nFEfiA2/lNAwiCgnwXVCOyd6iuh8FbgpgRAE0keKR2A8vHyBrw+tr4D8MPluxPm5PRHAWvJbf4MZx4oJwx+YTro260Mq4wji5oIf2lF2aLEqfiHEghJLzGVJaAvxnPf6DF2wcodcbr/mAJhKl5+fh/3349awA+WACeYA1NnJB6/tcNFhSKQnPh6tHMgKhRPPbIqANXtXKLC8XjuMzU3ZDThWWsORbSTp6VJwmXdrW8aYFB/02xSLaOz6RCuUqE9/adBH2ZXFpt8DD94y3hvfT9e86mJVCZxqmTnMpdj+03GcyWrrN6i/KJDnK3kGGKOS/HyX6579zKiL53Jhr0T8dyHovGthWNQ+pd2rsfw3KMNKEHBZHuqHS9/gH32FeA2YJ/U2rGdi8b8zIKwCe1MqHqirR1fRIVibp/P7EGro2jJ/7reffUVALsh1tHVOCap9vzgz8mGtLN/IrTf7oOaAoiHngBcA3w1JVxPO/cD6XOF7bOKEZvGMengDcmYyAc5t4CSVDrWlrTmPI/njht8AIy9yUalLcBzz45+ZZ+34bnfSBb3C1NA+/Z/ASEVz1U7Wk2jpUlsuNSMefwe9IFWrefh5b/H/Be3Y8T7EganWwccjxGtmQb6IlDH2Id74bkv1wNC/Rrgt8sCN0eTioOLBfcDOS05NWnfwnMfiH6ZjVwNWoROt9UofRlTmiU9rtxMZHjRps+iJTfapMpUjKaJo5xBZ/7uyA/5wXeAe+27S/HcmwYZgOBhW8EV6Wr8cEr9Y7MoUtzmY5y97zr8oJKdxxu5oa4y1y9cCHpWhU10gZ7LiK5rM6bhB5I0CShiFsvxXDG5XlsfNCD4m01fX8Zz94pmlnoe3rOrPIMqTkLnxMEdlbLPkhBafY2WvCQwtduC53fCKd4C+uRURwHwUbRzAS3jXqk4gR9IGJbkCroaR9XDSNUHgFBcQnBE6Oqf4zV/M1qk9bk9UcW/WmEkOdqzLG9fjlY+St9t+zyB5x5RdfcmxZaS+SJgu7J+2XS60iR+8GPglOhVmNu9Jhljx9cHgLFJITgkcl6Pl59hNUDy/d9VkGU1Wl1KS/5+06+9HZRr++3bgyQx2iTJlaj8bqn5ZNNSA9hQJ2VwfnZVAP3CbaDPs+8P6TWRqjsPaO3YDxU+bwE4Dy9/hwVA0BbU49Yzb480pXB6SgsW47nfTUYsXLE/Ws0BdWhqnm7QC8l1z2TLqE+gQmGVxLbXss2GXTj9cNHGbDMp+i8SsLQ6OalOqyJWbyJkihaxL2nTkjrcD9IAdOBsOZbJE1b3WM/4ir8DOwBSIH2OsOEdnO7rASmNU6SHWooqTmfKARIFTPPb7wP17ei30qdlIkj18FhK1AYXgJQaLlxxGNp52mrGLLz8xdXVM7gEuNG+lxMVPkAqv7hJ8XQBntvWY45IS5zn7HPj4Q3NJjSchOB0eLTihAcx5YBlNfZu8OytQ/Q+4+z0bLxmcVJlz9V9ePnTagAgWiDaIYxxum0AfR1dH5lT02v7gfiamGOQ0lqIkjSpKmbxalJKD6oTNFWbKXnTUSATBtUyvPxBFQFo7dgbVbwV1JFl7xfjbLmYyRMkftduhluUOqG8haDbIp7Q+KMhCIOypB/80zI0nXjuJxMpSh6+SG7zjgk3IB16pbX0+XjNMX9QHYC7ntmeLaOuBIQbTDdxzMINPoWpVIVYlVD9LF6zTaVr41qfCUQAFErlrlPcg8njTVj0C5eBFmcm/MCpUegr0eBin2la642IQULPtF59I2Fun6rxumTnQqymSVFZbAad7o1JOZ6JNL2EyxQmfQHgZlNwpDYqvyP1DmOP3YZ25lUoUzeCng1qVpQG++3zQJ1j5FDLGL3qUE48UaJDqRkHK+F2/9TTUkGVJmOMhj6aVJo69+mq2WKZQtQPgKm/l1qhsw7PD0QV97Nzp0vTyrSWUWnx6pYy01fjNQsJClE8HzEbtFSVqXJXt6Fz16BCqT0kbJYqUsNGtdv1O/DcfG3FL72tH4CIyV0vzkpCVxfOll0T5+UHUuPLCaSbKVOr0VomtEkpLNyinP7xoCaClrsGeRa3kp2bk65AshR+C/pLdsARmbuJXpCoH4Bo8UJriX7iWjxXbNm0TJhS8+hsmpbYZzUhsnxBWnNkxNvRfUFn06LMPH77g6BOikKq5+5CNjrUrjUqyNE3ABauaEY7K+w8a4Fdk9LWDyQmyztRzw2ocGImm6sEgh9IXBeSNe0ou0DNYcT712XK3QTo9lmgpGB6F+0cjAqFOJXCSbRoXMU6o4YW9A0AowUpdVOlusBoQfqq7DXChgmctd8/eqzvB3LvJxtJ01pxt9WEuUOqRoZSwSMblkIpvmEqXc7U6wDqzgTTE2brAil+8hn6qcQDyqjXUOExiSZEzu9DMyrY+UpQ75VoMNagnRN60GUGZGF9hP2JL10kLM3Ha05fzdcNQd81IBIiHcYQZzchuZqKuAP1q5RTEkJTUmRR8/J4XrLzvR9SrNujFTjTSi8hbyZdjbcnKbIpfCSdTtUQ6nHQ8h3Cf/FqzBAXQYnalvieKoQiELTEemGEK7VNoH9guAX7DUFi41FiJQlUXCGuBrUYwm3sfKnN6/kgZti/zcuS/dMAo4pCUojTk5Alt8NnZr4LMJoyFZQkM+k7/k5Qt4O+B88VR9qzmbguqp6+OyjrV+Z/6lb6bMf+A9DT6cmTElcQrxORKVr4vThOx2/EhkWLVtX4QEISmjgZisdtQOmTmNIcX833c+tm2MAAiEBI3xRHc87Ec6/tIZX5nkD4gHRq2xfhheeXS9bFfRnUW9+BA2BAOMfYfNzUgzjd0yuWuX7wWUuvSwg0pWvVJtfl8pGU01Zvbt/bhsvfDw4AxhyEHhO7jW9/1oG6pEcml5ZA0uuGd8fgFHdGq51QOow+kys2vEn3dp0VCZLowmWPifUQnvWAMXgAGBAOlnIGkFO2TS1DcytKPzIQb23uIORLNHV+9E1A+naqnp1W6TO4ABgQRAOEuJArs/SXYWuja3Kdu5e3xr3Qa51g5mpEq4mo8Aug5CsUIVVt0wGd7vi65qkB0OADEC8W3SWE4v3F1ss+deNdUH8B/VL0px1hm0ytryRh0vLtkTA6EmrLo4CssBKtrqjrlqkX7Rg6AOKF/WCMobS1pK814nqveiwAyUeSi+jMPz7Qk08MtNdlB7NDlOBEGjEedHMZLV6+kmxYQp9cry1F6SerJk4DkHHoNaCWcEKajti0awSEduRbImnr0bl3UMXXB+Q06wTlfwtAnUIOZbdhAIYS3Q/C3MMa8EE4paGUcVgDhhLdD8LcW70G/AdhSGd9KeFWEQAAAABJRU5ErkJggg==
5,Planet ,1,iVBORw0KGgoAAAANSUhEUgAAAEAAAABACAYAAACqaXHeAAAHGElEQVR4Xu2ae4jUVRTHP2dUXDYqVjSTItRSJO2Bpb3LttLMSk3qD6XAXlaEZenObzRlo3Rm18pQeigi2BMqsyzJSit70oPNCk3UskLZBEutsCl358a9Mzv99rcz+7u/3/xGXdwf7B/LnHvOud97zrnncYUj/JMjfP90AtBpAUc4Ap0ucIQbQGcQDOUCaj7H0cwpCMcD+1DspopNMoUDHc2iAgGg6riMDLMRLgJins3+A3wLvEuMl6WGDR0BDGsAVJIZCKkCGy+2z80I9fTjGbmB5sMVDCsAzMkr3gmwefd+twPzqWSZTEVbyWH12QGQ5AOES0rUfCeKRxG2oRiE0AfhKDL8i9Bo/jLspBsNMp3dJcqyXu4LQC7gNRY4/dUIS8mQJkZvFCPB/PW0ll6YsBnFx8DrwEpJ8FOJ/Npd7g9AivOBTzxc3hKHq7yc1WK6sZeJKKYCQyNQXMeO5TQxRx5gZwT82rDwB6CO61Cs8Ky8WhxWF1JILaQ7fzMXxf0RKpwGFpLmQallf4R8/ROhXABc20qocLnEWdfGAlKcBrwIDI5SSRevBoSxEmdHVPz9LSDFGeC504UJEudVtxIqxYXAm8CxUSlXhM8uMoyXmXwWhRx/ALRf7+FPoLtL4BPicHfL/6qeAWQMSJVRKGXBI02G6ihA8AVAK6NSfAmc7VLsB3E4JQ9ALTEq2AKcbKF8VCSNNDGs1OBoC8BcYKYnDlRLnPfzINQxGcWyqHZnyaeBNBdILTpIhvrsAKjnTDJ87ZHwjjiMygPwEl34ka1Av1CahF80TxxmhV1uBUDODb4HBrUSFOMsqaHhEFvBfpoYGNYV7AEoZOKK9ZJghOc2WA9cHPZEQq0Tlkqc28KstQcga+LbgL4eQZPE4QXPjaDL4oowCoVcozPG/uLwS9D11gDk3OBO4EmPkEbSDJRa/sqDkMIBkkGVKYleuEfiLAzKIxgAOs3djy5v+3gELROHWzwB8YuI6gHbPa0Th8ttiVvoAgFgrCDJNITH2ggSxkuc1/IgzKcfzXwF9AiqVEj6Ayh6S4I9QdYHByDFNcCqAkJ208wQmcWuPAhJrkRMetwliFKhaYvUKO3xCw5AtjVWX4Tp+1Qxyt0cVSmTQOlE6mB8N4rDc0EEBQcgZcx/WlEhwhKJM8X9u0rxCjAhiGKhaBU1kmB+kLXBAahjMYrb2xUiTJM4j+ddoZYKurMmgraa394WiMN9fkTu34MDkGQR8n8lWESYvpfHupsmqo6jUbznKaqC6GpD+5Q43GVDGP4WsPdpXUKfJw4b85bwCD1pQmeKpwZRMgBtvTjEA9D7d4S8zFSwqm87XRnu7vKqhzmBrnxUlqLJ43o2QIRxgZEIb9swz9F8SiXV7pmAmksfuvBu5K0zxWhJsCaAbiEsIGvGvwa829eSZqy7oamSVOVyBN11juYLkQ4HtgCtqQo3KPmQNGNa1Qy1VFJhrsjR0SDADqroH2RIGxaAwumw/y4+B0aJw758YMz2HJ8GbvZfbkGhmCIJllhQGpKwAPQ1I65wKW4DXRnlHX+pJLciLIqgjN5OfwbYDmRDAWDcIGX6f5NtkfbQbaSZy9x1g+FZz1AyxiVKa6sJN0mcZ210Cw9AHSeiTA8wbONjC01Ue1tZueCowR1nswEwjzL0WwV3wbVRHIbYrA8NQM4K6oAaG0FFaHaQLaN12dzqU0km5FzC23vwEPIQwplgqlT3d7o4fOenW2kAZKO4TmpKGYSmEe6QOMvbgJAyUyYNsu73eV+kaPINVDGcvYxBsbI1gjwkCeaUFQBjBVlX0CfY209Yu78rFtKD6YWuMDWPc4gxGxjj4rGbGOdLDVvNVHoPf3jc8XNxONdPp5IsoIW5msd5xEyhEzYetLDaQIZJMpNNhRRX2eGr7jfqE79CEmZiZT6VQrfghrnWpaniGL+cIBIAjAJZEPQYvX2f9TsSSKOYKQkWFCNVtVR4p0EFb6UMg4uB2cI7MgAMCNlCR7fLSokJLbrp050uDh/6Y2Ys4HlgYivaGCOkxlSfRb9IATAg6OZHhfHXeyOZFitWoUj4naRKmeLK2xW+VhzeOKgA5H1SW0M3alEmWSq9KapYj7CESlZ4X5vlLO/nNnIUw91xohAQkVuAV4hKcRLCOJRJbPQjim42Jt0OjX4isxHhGzAvRXSn6dICbqcfW/Xya5OXHQD3RkyWF2Moij7mTz+Vy94cf+aeyW0mxkAUM4ATSwSq1fS6GK+DCoDthsy9/juTEXPlhakLdE+y2iaAHpYA5OOIHshuN8/udJ/P9uFVM8J9tnPCwxqAVu6jkyDF9Yh5jKkfbnmTLn3q+uXaXJuTL0seYGvipdIZF/mNAXSlFxmOQZkW3Ta/gHdIboFSN1vu9R3GBcoFRCcA5UK2o/DttICOclLl0rPTAsqFbEfh+x+vcv5QOkiuLAAAAABJRU5ErkJggg==
6,Agriculture ,2,iVBORw0KGgoAAAANSUhEUgAAAEAAAABACAYAAACqaXHeAAAIZElEQVR4Xu2af4xdRRXHP/PcrVkasIYfWhPYhJaEogHZN6s1WKNtsPyBwRIoEbRWYN88agCjjdCkNkITLcEardR99+4aWomYdAnUACbUSBOp2HbntQF/QGKoQiImophWbbXd3TFzd97r7d1777v3vbts0+78996cc+bMd86cX3MFZ/kQZ/n+mQVg1gLOcgRmr8BZbgCzTnD2CnRyBTxNnxAsMoZnlORwJ7JmirdjC/A0lwMjAnb/d4z19yzmyExtpp11OwbALuppFgB7gBPGcHe1n5+1o8xM8BQCgFV8qM6VE4YXgPMM7Dinm9tXXcV/ZmJTedYsDABnCXdaLJwCB4DrleSveRR6p2kLBcAYhF/nV8DH3UYOdZVYckcfb07nxuy6QmDaWaNQAJwVWKf4MtDtFHoVWKIkf29HwTSeoTpLxw1fwDBS7efn7cgvHACrRE3zgIANDYUE7J/Xw5KVH+R4O0pGeYbqLJ4wbAUWlATLBsrU25U7LQB4mvcAfwHmhkD4QUVyT7uKWr4dv2fO28d4RID1NUeBZUqyrxOZ0wKAs4KtAtZElFupJCPtKOxpLjDwtIDFll8IbqmU2dGOrDDPtAEwVGfRhOEPEQX/AVye1x94mkuA563JO3lblOTeTjcfAFmEkCQZNc0vBSyNzA8ryUDWdT3NOS7Jutrx/A7oU5ITWWWk0U0rAJ7ms8BTUQVKgo8NlNmbZQO+5nEDnwvRLlWS3Vl4s9BMKwDf3E3X/HN5DQITDo99Sk7e5bThae4CfhiiGVGSla348sxPKwBWEV+z2cBXY5RKPckfv8TcYyf4E3Ch47Uh9DIleSPPBlvRZgJguM7CccPr7dy7wVE+WRJTTVbALyqSTycp6Gm+ATwYmt+uJKtbbSg8v2Uv57WqTrMBcIDesQkeK8G/EAwO9PFs1tTT00FG+DdgXozyi+Pi+CP7OL/7XcHVsflEMCYMfXf1czALAC5f+LqAg0rybBpPJgCsgEcPMu/4OC8CiwDriR/MGtNjHFmgk4FtVcmXogp6mvuBbzf+N/BCVfKJLJt34fdJA3vjZEdlZAbAMrp4bDOv9ztB23u6+XKrstevM2AMfswGbPNkvpJBVtccnua3wIcafwjBjZXy1GgSA9yt1u0AY90lLru9j7dagZYLAAfCzTYrDQm2xY7N8KzSsSMhKWrQ3qYkjzd+uA7TKyFBttV2YSv/4+kgzf6+s6z7q5KHWm3ezucGwDL5mp0GbggtcLQkuG6gHDREpgxXJtvTOD86aeC5quS6xv++Zo0hKHQao2Xoi1jY4f+NcUkr59e0riwoRWm27ufirlLgpBolryU5UhIsTarMYkBriB1z1yAol33NiIGbQmuuVpLtSXrWRlklBNsahyngoYoMfEim0ZYFWMmeDhb9YmSVN7tLfDju7sWEtSZruLDxNdsNrHKTprvE+5Lu8lCd8oThN6GDGOsq0ZunAdM2AK4H+FIUZhvfB8osj4bJpLTY8TfrA7/OamN41N3P/RXJR+OO8rsv0jN3DrbtZhswwTDwfFWyLNPRO6K2AbD8CcWOnRpQkuGwIi6Z+mOCcoeUnKz0hg/QOz7Bnx3dRiVPNlbCvL5mi4G7w/8JQaVSbvYkM+HQEQB+nRXG8GTMSvY+Lww/ljhHaLvEPXGajRsWrOnnkLte1r9cagw3V/t5IkpfG+VaIXgu4sRtdfiBvKV2RwC4fP1tYE7MVZjijDwdtK76Eo6maTUN/1ISXDFQJhwSre+xjteG3ksjcnYpyfJMxx4i6ggAK8fX7DJwbczCU8JRUkboeAeVnOwguSrQxvS50fgfEyYb9z9z7D/l2uRFLErvab4GfCdOjoCvVORkcuLA2mTgvoQ19yjJEjvnvPtjSnJFmNbm+P88FviH+TEybOfZvk7lGh1bQIss7zUlWRgCIJrkhJU9rORkweTMfJuS3BYmcDE/Lic4/t4ezm2n69wxAE7h12OaHoHu4SquNsoNQrAz5Yh6G/W+X+f6SplnwrS+Zo+Ba6L8An5dkc3HmHfWAhwAtjawNULcaIaywVGuLokgdicN+5QWlK/WCsL3v4WlbVaStbl27oiLsgDbuLANjLjxSuMuuzo/7YVonZJsihPiazYYeCBuzhhurfbz05kEwJahP0lRwMbn4JHU00E3tyuOVkDi44mnA8tpdIaj7LGNlSyAFGUBNranPU+tUHLy7ns6qNEviD1JeKoquTE65/oQ1s8kDVsut/X2WAgALiH6d4qCm5RknQPApsPNyBDhie0WezooumzxFTeOKHmydZbl1MM0hQDgNma7tRcnKLBbyckHEl+zz8BHEujeUJLe6FxNE/fM1iB7WUmuyrvxBn1hAKRkhHatt5TkIgeUzeGTusEnKmXeHa0kW4C2U0lWnA4ADBu4I0URm9YebZEO013ionD97x5XbBE1pd5wa7UdAi1/kRaQlubatRYpyaueDl567ItP0rgy3F+MlMdxPImhM4tVFAZATXOfID6GO0WWK8mumuZ7guSX3ZJAhttqSQ8roc3dqyRbsmw2jqYwADwdfLTQ+EAqbq2g3K1pHhakZm2nFDUtIgDGcGe1nx/NOAC1UW4SIvXjh7VKstnXbDSwPklh98mL/RYgGDXNegEbk+g7/VCiMAuwxYsxPJ1yEhuUZGNaSut4m/WA/e1rUn2LEHwmWjTlsYbCAPB0ENpsiEsaQTLka9YZ+FYSUbQNFtf7i/B29L1AkQB8yn3GkrS34LMWX7PWwMMpJv35SvlkXeFrWoXXtusAq0NhAAyOck1JpHZkgtZ3+AkrAYRTOsqt8gbglLCZx/wLBSDvwqcLfWEWcLpsKK8eswDkRexMo5+1gDPtRPPuZ9YC8iJ2ptH/H0NSwV+BYhK8AAAAAElFTkSuQmCC
7,History,2,iVBORw0KGgoAAAANSUhEUgAAAEAAAABACAYAAACqaXHeAAAGKUlEQVR4Xu1ae6gUZRT/nV1NEx8XEUqL/jCVSETvzGxqhPbCukWX0LQHSinqKJUQQWVBaoRICUYp7myCXoqMqxeMCsMKwkT07syoPSx6CVFtmqBomK+dE2fv7G3cu7sze/fRDrvfP/dy7/m++X6/73fOfHPOITT4oAbHjyYBTQU0OANNF2hwATSDYNMFgriAoZqHwNQB4nd1SzsZZE45NoZqDgRwP5gWgngSgNcBbNEt7VI56+abG0gBhmqyO1k28DGADvlZ6Q0lYt1T2IksBPAYgFE5G/4NwNpKE1EqAd49nQDxe5yOblt2SDnS35MxVHMUmOaD+HEAUwKsU1EiyiHAu9fDpbhIjsTbAIjkSxkdKUtdtBrkeCcZqjkCwLlSlFkpArL7KOoihmoqAOSk80nciyUNpj3c42qXiHgdgPGuQR/wmycfvi4STW8D8d0AzroxY10QIvpDwHkAJwDc4HNkWRfppGh6GpgE+GSfOUdB3AGmd3RLS2VtM4phehIRZ1zK1FZ4Tz4R657ITuRTAKOvWJt474XTLbNW/DT+QrFn9oeA4ylLHTMmZt7JDknAmg1gcCn6zbE9BeB9Cay6pR0sZR2JH/JWMlRzNIg3gOnhK+YzbdRt9emKE6Bb2rWe0xkB4kcyryxgakAAvRK/eGb4Lr9TyrdmBjSwH4C8odboltaR0JILmGkrgKg755huaWOrSoB38XirfTNJNCde0EeSPYZHwSS+KveJXokHJK3XLN5qT6eII8r5GcCzAF4F8fYLp1sWD2o5vRJMqzLGTF26rT5UMwKyD+qc2xk99cvYe91gJz9HgvhD3Yy1lwo21z6hJduZaWfmzUH8xlVD/1558eywGQB2gmlHylaWjFbsAyAe6VwaeOvyryZLvCo4+hUDvC7gB8hQzbkAOkG8VTdji/zsi/3/CvD/GX7P6Wg7Is4kIu5ipjmRiNPipKNWkPtJaAgoAD5Lw9cApgFYD6bxKVu5J/eOUIjYUBDgA74HG9MGECcAvKBb2hNBlVb3BAQC34M2lbLU6+WXoKcvtnVNQAngMxE/ZSvzvODjrfaMZYeUvaEMgqWCB/Gj3qtvItYdYyfyuW5pw0NHQLngDdWUHMIX8vrVLa2oyuvOBeKt9l0UcXYH+kJk6upz8rccnMDpqMj+Gjn5UBFgqOaQy+evjgwY/M8EME0H8caC8s0DXmwN1fwOwE3ZeeEiQEs+A6b1ALp0S5tnKNZbIH6qDwkFwLsE/OXNJoWLANX8BsBE972u67aaiCvWfCLeDGCo+/c+svcSZKhmOAkwVFO+JA94wDhgehvEz4NpO4jb5FWX6/O56ggvAVrSANPSPHJfDWAIgBv9wIfWBST4AfgTwLA8BOwH8X1Bc32hVIChmpIu25YD/lcA4vtSDwhciwgrAV8CuA2AZHk/I+JNf5jaR6Xc6bPkhY6ARM/FpVtyghRNb1raPfWHoF9y+exCR4ChmpJdPqlb2rlCwCX/Fxlw2VlycNpxP3JCR4AvIMVaBeKXmKl9ma1+4msf1ntAwdNXrJ0gnsNMbU0CmgpoukAzBjRiEPwAxFIMaawgGFes2UT8XG+9kem1lK2s9Lsd1uIeIPfyMUFq7+7XWUmVIUM1H8xktvOX0r91C6E7ilyaqp4PkGcfc/t1pKRdtHEpaGksrlgPELEAlyYKvyEtOat1S9v1f+QDvM/0JcKPgISWbGMnsgbEMT/Uef5vA3hZtzRp3MqM6riAltTB9GKRrpCCRBQiwFDNWQBeKdJTIJ0oCWZKUk9esFjvgTRWCBF7qkKAy6yUoxeVSkQuAW7aW6Qun7/5RgY4AOnx6e0hkCoPRRyZd0cRpexzXUgSLJlRkaSo94Fuh9diKUIGUQQACWqdYJJc/xAQzywFeK5tQCJ6p1WcAI+vSWubPxFM+9yOkUIHl/fE/eJBUCKqRkAeIiRGZKqzAUe/gJeqiKoT0A8izoNpC4jXltMnFJSImhGQ3dCb434cNGj4mcUglhjhVURVgPsRUXMC8hAh5a7dTjq6bvmRKb8HdI+yzRKx7pmcjq7RbfX2YosFqg6XvZs6XqBJQB0fTk221lRATWiu44c0FVDHh1OTrTW8Av4FFjVxfZ5TjBoAAAAASUVORK5CYII=
8,Personalities,2,iVBORw0KGgoAAAANSUhEUgAAADAAAAAwCAYAAABXAvmHAAAD5klEQVRoQ+2ZX4hUVRzHP2dGaQmWZUG27CE0NdBok71nM8QCX0RBfEhYMSgjdz1ThGjRS0auf4KI0NzInbuFm6joSz0KRREoiDJ3VlQKyTSUYstqM4zFXds9cmZG25ndmXvunePKypyXgXt/v9/9fs7vd+495zeCKT7EFNdPDeBeZ7CWgfszA10XHqDu2rPoxGM5QM0VhD6GkoOugd2WkB80gHgb9KtAfYnYQRD7SA5tpX3xgCsQdwB+MAc4CjweIu4KsBIlz7mAcAOw92wjyeEMYCBsxq9AK0r22xhXsnED4GfToFU0MeIIylsbzWe8dfUA3WeaSNz8BZgeUcxortyUvBjRr8i8egA/WAd8Hk+E2IzyPornm/dyAJDdCXpLTBHdKPlaTF9XAMEeYGNMEftR8uWYvq4AsltBd8YTIXajvDfi+ToroeAF4FA8EUKhvJ54vu4AzLv/p1gidGIhqZYzsXwLTtUvYhPID84CT0YUchEl50b0GWfuCCCzGcSuiGLeRckdEX3uFkDwIHAJeMhS0ADTbsxi/ZLrlvZlzdxkwIRPZ9cg9BErQVq8SMo7aGUbYuQOILcWMh+AeKvyM6t/dY6N7xYgv6DfBLYDpqzGjhvANpR838XM347hHsBEzm3w/lsH+gnQSRDfA+arW/X2uRT+7gC4nOJJXQOTKNxdCaX7FpBq+WFC7em+53LnhFTLt2Xul/e1nIx4JdSpE8zsawdtFuwcksNN4w7q+cX8YV6HeA/lvVOkqfe7Oobr/wb6QXSB/gQlb1rqvmMWHeDTU7MZTX4JLPw/il7Lhtbib4AfHAeWFGzOoWRzkbiezAq0ME2A2+M8OrG6bDbLkEUDSPc9hRj9BphRHE8cQHkvFV3zg5PAosK18yg5v/h+9mPQr5fouo4YXc6Gp0/YZsIewA9mAlnA/JaOqyhZvI0IBQjMDnaiLsYAiRFJx6KfbSCiAJh6NnU98dCJVlItwZ2blQDSp+chRn6sIPAzlOxwDfA70FQ+qOhEedusAPzsJtC7KwgcpN+rp1OYzkXFYZcBPzA1/0dIrFMo+YwdQPAVsCwk3lyblostgM2pawR4GCX/zAkrV0J+buv9F1BXEaC0JKt6C+X7nuHHRi1eIeX1FgDM+WB24blXabz0CG1tI6SzzyP0F2GlwT0BgAuA6RGZ12fJghc+mq8RuQ5G+PHTMcCjwOXQWXNr0GzTwbZbA/ma/i3CkbFalH8ZapjBxnlDYYHsAXoyq9Di8AQHlbBnRL0/hBbttkdOe4B8FkwpLQXRGFWVlb3mn8JfUdYd62gAViom16gGMLnzPf5ptQzUMlDlDNwCI+EdQBbhuJIAAAAASUVORK5CYII=
9,Planet,2,iVBORw0KGgoAAAANSUhEUgAAAEAAAABACAYAAACqaXHeAAAHGElEQVR4Xu2ae4jUVRTHP2dUXDYqVjSTItRSJO2Bpb3LttLMSk3qD6XAXlaEZenObzRlo3Rm18pQeigi2BMqsyzJSit70oPNCk3UskLZBEutsCl358a9Mzv99rcz+7u/3/xGXdwf7B/LnHvOud97zrnncYUj/JMjfP90AtBpAUc4Ap0ucIQbQGcQDOUCaj7H0cwpCMcD+1DspopNMoUDHc2iAgGg6riMDLMRLgJins3+A3wLvEuMl6WGDR0BDGsAVJIZCKkCGy+2z80I9fTjGbmB5sMVDCsAzMkr3gmwefd+twPzqWSZTEVbyWH12QGQ5AOES0rUfCeKRxG2oRiE0AfhKDL8i9Bo/jLspBsNMp3dJcqyXu4LQC7gNRY4/dUIS8mQJkZvFCPB/PW0ll6YsBnFx8DrwEpJ8FOJ/Npd7g9AivOBTzxc3hKHq7yc1WK6sZeJKKYCQyNQXMeO5TQxRx5gZwT82rDwB6CO61Cs8Ky8WhxWF1JILaQ7fzMXxf0RKpwGFpLmQallf4R8/ROhXABc20qocLnEWdfGAlKcBrwIDI5SSRevBoSxEmdHVPz9LSDFGeC504UJEudVtxIqxYXAm8CxUSlXhM8uMoyXmXwWhRx/ALRf7+FPoLtL4BPicHfL/6qeAWQMSJVRKGXBI02G6ihA8AVAK6NSfAmc7VLsB3E4JQ9ALTEq2AKcbKF8VCSNNDGs1OBoC8BcYKYnDlRLnPfzINQxGcWyqHZnyaeBNBdILTpIhvrsAKjnTDJ87ZHwjjiMygPwEl34ka1Av1CahF80TxxmhV1uBUDODb4HBrUSFOMsqaHhEFvBfpoYGNYV7AEoZOKK9ZJghOc2WA9cHPZEQq0Tlkqc28KstQcga+LbgL4eQZPE4QXPjaDL4oowCoVcozPG/uLwS9D11gDk3OBO4EmPkEbSDJRa/sqDkMIBkkGVKYleuEfiLAzKIxgAOs3djy5v+3gELROHWzwB8YuI6gHbPa0Th8ttiVvoAgFgrCDJNITH2ggSxkuc1/IgzKcfzXwF9AiqVEj6Ayh6S4I9QdYHByDFNcCqAkJ208wQmcWuPAhJrkRMetwliFKhaYvUKO3xCw5AtjVWX4Tp+1Qxyt0cVSmTQOlE6mB8N4rDc0EEBQcgZcx/WlEhwhKJM8X9u0rxCjAhiGKhaBU1kmB+kLXBAahjMYrb2xUiTJM4j+ddoZYKurMmgraa394WiMN9fkTu34MDkGQR8n8lWESYvpfHupsmqo6jUbznKaqC6GpD+5Q43GVDGP4WsPdpXUKfJw4b85bwCD1pQmeKpwZRMgBtvTjEA9D7d4S8zFSwqm87XRnu7vKqhzmBrnxUlqLJ43o2QIRxgZEIb9swz9F8SiXV7pmAmksfuvBu5K0zxWhJsCaAbiEsIGvGvwa829eSZqy7oamSVOVyBN11juYLkQ4HtgCtqQo3KPmQNGNa1Qy1VFJhrsjR0SDADqroH2RIGxaAwumw/y4+B0aJw758YMz2HJ8GbvZfbkGhmCIJllhQGpKwAPQ1I65wKW4DXRnlHX+pJLciLIqgjN5OfwbYDmRDAWDcIGX6f5NtkfbQbaSZy9x1g+FZz1AyxiVKa6sJN0mcZ210Cw9AHSeiTA8wbONjC01Ue1tZueCowR1nswEwjzL0WwV3wbVRHIbYrA8NQM4K6oAaG0FFaHaQLaN12dzqU0km5FzC23vwEPIQwplgqlT3d7o4fOenW2kAZKO4TmpKGYSmEe6QOMvbgJAyUyYNsu73eV+kaPINVDGcvYxBsbI1gjwkCeaUFQBjBVlX0CfY209Yu78rFtKD6YWuMDWPc4gxGxjj4rGbGOdLDVvNVHoPf3jc8XNxONdPp5IsoIW5msd5xEyhEzYetLDaQIZJMpNNhRRX2eGr7jfqE79CEmZiZT6VQrfghrnWpaniGL+cIBIAjAJZEPQYvX2f9TsSSKOYKQkWFCNVtVR4p0EFb6UMg4uB2cI7MgAMCNlCR7fLSokJLbrp050uDh/6Y2Ys4HlgYivaGCOkxlSfRb9IATAg6OZHhfHXeyOZFitWoUj4naRKmeLK2xW+VhzeOKgA5H1SW0M3alEmWSq9KapYj7CESlZ4X5vlLO/nNnIUw91xohAQkVuAV4hKcRLCOJRJbPQjim42Jt0OjX4isxHhGzAvRXSn6dICbqcfW/Xya5OXHQD3RkyWF2Moij7mTz+Vy94cf+aeyW0mxkAUM4ATSwSq1fS6GK+DCoDthsy9/juTEXPlhakLdE+y2iaAHpYA5OOIHshuN8/udJ/P9uFVM8J9tnPCwxqAVu6jkyDF9Yh5jKkfbnmTLn3q+uXaXJuTL0seYGvipdIZF/mNAXSlFxmOQZkW3Ta/gHdIboFSN1vu9R3GBcoFRCcA5UK2o/DttICOclLl0rPTAsqFbEfh+x+vcv5QOkiuLAAAAABJRU5ErkJggg==
10,National Symbols,2,iVBORw0KGgoAAAANSUhEUgAAAEAAAABACAYAAACqaXHeAAADo0lEQVR4Xu2aTUhUURTHf+fNlBG2yIqQimhRiyCKiqAS+xhfESEJYbskol37FhXhokUtIoIgXPRFu6JNIKjzjMEoiWrVrohEKhdh2QdpzOiJp2OMUzn3zevZs7kXhgE958z//O65X+8+ocKbVHj+WAC2AiqcgB0CFV4AdhIMNAQ0lWrCcTYi4klXV8//UD3GANR1z6N6oiDpo+J512c7BHMADQ2fgQUFCT8Rz9tSCED37q0ll1uP4yxG1f8swXGqUf2IyHtEnjM42CvPnmXjAs4IgO7bV0U2OzJFtGqfdHevUtfdDBxDdRewxiCxb0AXIlckne4ysDc20VRqK7CUoaF2U8jlA4APwFNgj7HCXw1fItLG3LnXpL39Y7lxtLFxPsPDN4DmfIx74nkHTOKFAWAS39TGr4qbiFyUdPqlqZNvp6nULkQuAeum+FVV1ZhAjQuASe1jqLYjcoPh4bQ8fPilGIa2tjr09GzAcVKINKG67bfAkslV0tHRVwpm3AAU6vUnylfAm/wfFwNLgEXAvFKJMUMAnqN6AZFa4GTRKlFSY6QGMwBglERihXR2DoyPRdc9jurlSJMKEnwGAPSL562c1DS+HKo+CaIxUtvIAeT3ARZAnoCtADsE7BxgJ0G7Cthl0O4D7EYo0t1dkOB2Jxj1cdhuhSeeCdqzgD0LTBCovMMQjJDLLZRMZvxxubpuM6q3g0zUkdpGvgpMqL+D6mlgGSJXgZ9zQqTJmQSfIQAmUv6NTcUDyOVWSCYz+UT5j50Q58fiYSrnE3V1NdLaOlYqSFQAvgNDwFegGqgB5pQS8xf/f10876hJvL8FwF8JOhC5y+hoL/X1r4vp6+7dy0gktqFaDxwE/LuEKNoLEomt0tnp312WbGEB+ImfI5e7IJmM39tGbfx668GDPYgcBpqA+UaOpY382+ZD4nmfSptOWIQB8IFkcpPJ/dt0YnTnzmqSSf9W1y/ZOlPhRXYDiJxh+/ZrJuO+0Ld8AEWHoTKFT3FT113N2NgRHKcF1eUGMR8jcodsti1IBcYWQKEwbWjwr7t3AGvz84U/ib4F3gH9QLd4nv8dqsWqAkJlUqazBWACbrp3hEz842xjK8Ckd2wFTPOanAnAONvYIWDSOxU/BHxIavCqrAnMuNkYDYE8gLPAqZ8JiLRIOn0rbgkF1WMMIA9hP6obUe2W+/cfBf2xONoHAhDHBMJqsgDCEpzt/rYCZnsPhtVvKyAswdnuX/EV8AMd84xfwMWZSwAAAABJRU5ErkJggg==
11,International Days,3,iVBORw0KGgoAAAANSUhEUgAAAEAAAABACAYAAACqaXHeAAAEK0lEQVR4Xu1aXWhcRRT+ZnbbiKykhVKRQlCkpaj9IZltEMWHWnzwB4pNZ4MttC+5mxaEvvhTfFX8fVOaZPKioJJsGynY+iCtglhKmpv0R2KhpSiFIhahlAYlmjtHbvTeDEvu7t3m7t50d+7b4Zx7Zuab850z98xlaPGHtfj6YQGwEdDiCFgKtHgA2CRoKZAUBY4Vp4QmPWH4OymVeDEp/yXHPQHghcAfZzzfM9TpLtV/YhFgAbARYCnQ3DngiwOXVnPy2suTzkrtze5S4reoHPC1494/wzNr7zZZ5bR38yUl/oxKgqX+C+s80Ipy/xnt3ZJK3K42bqwkeNSZPESgjwBkFnE4LZV4IgqAUnGyAKKRahOJ0hNRT2E4PxYJgONeBrBxkfc9gA5Jlf+k0tixACg57h0AuQhH/wHQd+5xzfioYfODVOJgggAcAfBMWAZJF3qGt02XogHwTW9LJVYlAQBVcDIPQJQ+KQAi/VcGAFKJipscNwIqAXCNA3uiJqhBOwD29t1SAMBhDnwf7R8+vR6O0jcCgCWsrf6vWgAaQIH6b+MSRrARkFAEnAewdQkbkdKrbEKqrm1JlMEOgN4CmGM48wDcSGlliw27ruygNgCefUcObq04x1hl0B+tdHA6h7m//ANR8PwqlXhkuQBQctxfzHKYa2u/7/mP189Wm58FoBpCgd5GQBUKfNV/ce2c/meXAeh1qcTJQB7pG9/AWebZUM/4BTnUeTYEuDj1JEiHiVaTd7p3uPtKqHdcvx3WEchZvmLs5cEtNw19uhSo1hIbddx9DPg0mDCBfVBQXW8E8qgz+T4Dvb6gx/6CEp8ZC6zYE0w9B1gAqvQEmz4Cxhz3IW2cEwh0VSrxZZgDilNbMkQ7A1mTPlMYzp8KKdA3sYMz/lQge4wd7x3qvGhQ4BUGtj6QOUj5nahlkwPiVpN62aWeA+q1sLh+LQBpnwRLjtsBsNcWdox+lkoMBPIxx+3WYHsXyhydLihxfKEMujsZWHhO4KDPe5QYNzh+AGCPGf4/lEpcXzY5wJbBVi+DLR8B/s1Rdm52e8BJxtjvUokfDY52EFHe0F+RSvxk6DcR0QZDP1HG8aeJ6MFAP5dt+27PwOZbyyYHxC1X9bKzZTDtMlivnY3rN/UI+P97f9CY8LhU4nAgH3Xc5wh4M9QzNiKHulTI4eKkA6LeMAcA7+1W4luD4+8C6A5kTV5/Wb/A9gNS7Qm2fBlseQC+efVq28zfdx4NOU56pqyOt4Nxv3c//2RZ5g+zpzffUyRvjfH+DfMPj/lvDcbDfxRyKx+4Zra9U0+CcbN1vewsAPYc0PibIf9uMDyL1yu0a/C72rwbbMTVWA1za7ypBaABl6ON39YaRkw8AmoY+54yjX09fk+tqobJWgBqAKspTW0ENOW21rAoGwE1gNWUpv8C0lvibgHWb9oAAAAASUVORK5CYII=
12,Inventions,3,iVBORw0KGgoAAAANSUhEUgAAAEAAAABACAYAAACqaXHeAAAIZUlEQVR4Xu2af5BVZRnHP8/d1r0u66SM6TA4iM5EJeM4lVRQ/oBAA8kRp+iHbQ4mlaVMGnLP3VW5/oB7LqSWlY5QaVkyYpFaOGRooaVjMWpZOzsYBjsYiTuhpbDb7r1P87z3vcxl28vuud4frLvvP3f3nPec87zf9/v8foVRPmSUr58xAMYYMMoRGFOBUU6AMSNYNxXQFDFJkSswUNMcI0n21pqRNQNAVzBB2tltC9SQ84AUPcyUFK9rmnMQltPDHEmxz80pml9NUGoCgIZ8HFhLjrOljU7NsBwlQJgvCR7VkJ8CHwTmScDzGnILMBM4WwJeG5EAaMhlZNkg7bysIR8BHkL4mSRYrBkWofwAuEgC7tWQzcBE+plNE31keQzYLwHTHBvSfAqhw8CpNBhVYYCGTAIeBvo5mffTQSNxnnLCC2eSYzrCL70ahMT5I9BIDzOIu51fj3KzJLlG08xGHEM2SMAlhzUAmmayJNnhd+0GhAAlIUlu1ZDvAJ9HWICyFdiCciO9/Jwm7iZGr2fHWpQLyTFP2nhaQ/4AvAM436lHimZaaJaldFcCjIoxQEOmAk8g3CAJvqkZjkJ53O1sljn08RpNrGMcC2UJvZoiLmYGjeIpmg8Yv5AzgQsk4CpN80WEbyF8VxIsNc9BnCeABgn40GEFgLfuvwamIVwnCW7zur+OGLNkGS8ccHkrOYUYJwKTUFoQdhPjJfrYVvAUnkU3IcylhzMMIA3ZApwKtEvAHYcFALqa45xqX80ev0OmzxOBq5yBK/LvGvJVoBXcMyfYTgJZxxJ4HdgJdJLjZmnjKb3TXYfdZIlzjzEDYZUkuN4DNI3xPCdfoq9cMN6UCjgB9/JnJ7ySlCSbnY7G+a03WqETNMPpKGuB9wDbgG6EZ4DnEXagvBd1OzsFOAk4EnhAAr7gnr+NJvbzG3I8IklSnm0rwN2/SwKSdQHAC2Iu7vvA21HWSJLrdD0NdKAW6WmaqxEnYBewkX5ul2t4aTCBNUULRzCJGLcCpwN7iTHX1MdA8LajhTgbgQ8Az9DMLLteNwAcCKt4JznudvqvtEqS+zxFv25GEZzVN7393XAF1QxfQ1kMtBBjdsGGaIYnUU4GfigBieG+r9S8slTAUXKfo+IxxFgjyxydjeoXczT3mk76cHedo3lRiBtFYB8A3WivloB3uW+s5N2Ic7ebnBxvcD5Cq3kLiyqjvD8flpQ5fPh6jjdez9HP4gK1vTH8O7AL+IoE/KnMz1jesAwILDiSgC8f8CT56NDuneJtyhWS4IGo3ykbAE9xS2KWAKeZjkvAh/11892Xmu6bO4wqVPF8B2YTjyFMNZcoCbZawIW46PFlhE1kWSNtzrhGHmUB4IKco+kpuB9n5ffT6TK7fBj8K2CPBJwVWaJBHtC0iy02AY9IwGe88T2NLP+0XMP9v5rjzBVH/V5kAHQFx9PAL7wP34bwNEdyR8ESe729B+VOSXJFVIEG9Q43MZFG7ndB09uYVQiDdSVTiLHIe4zxKE8yjqVRvEJkADz6twPTgWOBCcDjEjDL0//bzijB5RLw40oA4L9pydN0csx3QVKGE1CeBZrBudV9KCskyf1RvlkWAE4g89lxTkKZQiNbDuxK6LI8ywtao7i9oYT2NQKzNwskcAy0NPljxOgjx/ZCEjbUewbeLxuAUh/SEMsHJtDPuaUCnqhCusVmaEX5EcIlkuCuct4x2DPVAMAYcCo55kobHYcSVEM+h/JJGlhanCwNagcyXIuyHOET5bi7UnJUAwCzD58lx7mWz5dkSj5neBWIAeskcHaj5NDQhccXk+M8swGHMwMuAwyEpAS4ZGjQHf0Gx9LPK/7eZgmYcwiwrA5gfr+JGAuGYksUcCrPgLxrehhhjySYUREAQpcpmm3ZKgHzoyxwqLkVB8Bb5wcRzgCWlHKFGoUBec8y09yrJNgw1KKi3K8OAKs4ixyWCHWQ43IrhQ8U6iAAlC30Mq9QFiue68ti1xaH2lEWONTcqgDgWBCSBq50dcIeFtDMFF/0mOHT2fHA+7yA/wG2uyoyzi7sRniWHK8gtLtaQ74oWnZSVTMvcNDuha40bhHi3wBb8PHe6g+1MYX7VjTdh7BIEjw03IeizKsaAwpCaBqzB3N93S+KbDZ3F8r1kuR7UR8c7vyqA+DVwbJDqx1EHVbvq3gzpFiIWgFgra+PRli9VYqtU2zp70URnos8tVYAWBBjRc7iYU3Pf/mKkpW1La/vQtlOjBfIul5B54htjg4whj9xCZK6EtmLiKve7CJHN4108wbdhbMCrs+Qc0WVSWT5S7mVnuFSoTYMWE+DLCTra4XWELEFTna/womo/zt/3fL7wjhkiDzcRR5qXm0AyHAB6nr+tvh8t+f/hzU7rbG60zVLTB2EjbLMxQdVG7UBwNJesPL2P3yDxBZoHaGdKF38lx2u92cZ4hGu4JlXgQa2Fkru1UKgJgAUhNdbGE8/k1GvAvlfa5Lm1SFfYisebxEVyDPAUuSjSuyknQsyyudZkVeFLrI8Wqj6jmgGaIYLrXmKDlCBGDuJ0TWwnO3qjeNoLqfMHRWomqrAMFXB1MHyBsgxdaiyWtQFD5xfMwA0gx19sVK66XopVbDkx7rIpgqd9NJuzZY3u8j6u0Frl7/oTojYzhYWaLpe+NsiwB3V1vfBgKgZA0rtgvMM/+bV4lOj1dzxuqnAwA/7zs6DvihiJ0gXVrKRMlwQ68YATbsmR3EpfFvhDMBwha/EvPoBEPJ7OKhq3EMP42qtCvUDIM2ViMsP8kO4TxJ8uhK7GuUd9QMgf/DhUjv/A/yV/awerCocZTHlzK0bAOUIW41nxgCoBqoj6Z1jDBhJu1UNWccYUA1UR9I7Rz0D/gerQeVfVWg7gwAAAABJRU5ErkJggg==
13,Medicine,3,iVBORw0KGgoAAAANSUhEUgAAAEAAAABACAYAAACqaXHeAAABGUlEQVR4Xu2ZOxLCMAxEN3dKyV2g4FgUcBfK3AmaNMxALBnFoNFLm7Vib/RZWZOKP1Px8wsC8IDiDBACxR2AJEgIjAqBRTpKujq+d5qlmwPfBR3mARCABxAC5ACSIFWAMogOcKgVhBBKEClML0Az5EiaXVC6wS7aOhalbofXzXcc+2XJQdLZYeQi6e7Av4W2SqkpBBbp8e1GfrV+1va9JwRY/gweQAiQA0iCllzxjxiqAGUQHbCpdRBClsRVvhewkNTCpO4GW4ezvIcApsNMh5kOMx1mOsx0mOmwRTOsGKbDrSttB5kfoaZmKOJDKEGUIEoQJYgSrKwEIyrJHjaGlcE9Nh9hEwIiWMxsAw/I/Pci9o4HRLCY2cYTuI+EQXXHZkIAAAAASUVORK5CYII=
14,Nobel,3,iVBORw0KGgoAAAANSUhEUgAAAEAAAABACAYAAACqaXHeAAAGCklEQVR4Xu1aa2wUVRT+ziwtDZGHxUBQQ+QhaTAK3SnagiZWdlqiiCLxETGiAr7CD5+EhAQxYIyi+IeoRESEGBWiqSCm3WlTE4sIdLY8wg8ND0PEJqjUWsXSsnPMzNKVmc52HntnW9KdZP/snPt953z33HMfcwmD/KFBHj/yAuQzYJArkB8CgzwB8kUw8BDgOrkEEioBvgZEZ8BoJEU7kouM4vj060GRGIDxAJ1GMvkdzWk5FITbtwBcJ98C4vUgmulAGAf4pyCO+GhjBD0XgGRrcwSsP09VLQ0+sPwNAa6PPgmmDQAK/JDk0FYHaBUpza955fScAaxG7wNoh4PyXrlyZ0f0NMWaN3oh9CQAN80ajn87TwC4ygvoALA5hyQm0xyt1c0XbwLE5RdBeMsBrAngnSBpFJgfBzDOjVDIe0IbgM3Q0QpCFWD+bA+tI6V5uRufRwGie3oXPd5MSmJxDwHXVhQj0tUMYIIDaSPA20CSDOZnshxGvwOQSdFOpblV+XUAK2y8x0nRJosRQJX/AFBsAUsWjqY5e89e+t/FImkfe6fQ3T6F7jx23rBlNfohQE+4OZbxPWEVxbQ1Ft5muQBt+BPAMEu7K1FIZVp3X1zeMkCVu2yV/ywp2mg7MDfMmAld32P9n3eSkrgn3VupmcRTgXJ2nBeQkviyF7cqHwUw1fL/+a5imnvEGC596OmhK1iVjwGYZDHVu8dS9eEzlp4w1ggSfrBB1pCizU8LEJeXgPCBB1pnE8J8imk1Ft5d8jAU4TdbBnSQoo1w4/GYAdGvAJpnA3uPFO3ZASGAGn0FoNU2//aRopULEkC+C8DXvcF4OSmJdene7YcM4Hp5ERhbevtGi0lp3ixEAAOE1eh+gGY4ANZAurCMZh86bS6TczQEzFlH6loPwiIHn46ju/2GnsKbdQ0wBai7eQKkZAuAkQ6A7WBeCYkTYOn7sGsAdL4CRO9kWJh1gqUKqjpw0K33jfeeakA6xetLK8CSMRSsU2KPAeFnMK4LVQDAmP/HZwjuHIgXUCxR6yV43wKkMsHcBm8HcKNHErGzQGbSkyDpQYodOODRL9PMVwakM+GbyUNRMNKoui8DiLgQhi8A80YUnH+JKo/+7Sf4wALYqv5WAFP6IA5PAMYvABZTlRb3G/j/ozZoy4vtuPH2IiQ71oLxXIZsCEcAwiYUFb1At+7pyCaEQEPAiZBTBdKYd0tCL4KMpdn0+qX+CRPgYoF0WgdYVmSslq0EeG3gXnNYCgfGCloEMxFyvLQMJPWuwszLcOGvTSgcHgVLxjp+TGCndZ5H1YldgdvbGorNgAZ5EnQYGyenR8/yHCCFSfpMirXsHZgCpHZl/4hyzlnGyESq3n9SFIfQDDDrQL18EIxpohy04bSSol0tElu8APHoGyByPYsLFATjY6rSHgvUNkMj8QKk6sCPHlaI/uPQUU7V2j7/DTO3EC6AOQzi0U9B9JBIRwHz09sdgjGD7QXcnOC6m8ZAKjgMYKybrcf3HZBQSrO14x7tPZuFkgGpLCidDZJ2Axjq2RtnwySIF1Is8XmWOI7NQxPAFKEuejck83NaUBGSAC8lJfFRGMGby4qwgHtwubZ0GiLSZw57BDdq4+BjISlak5thNu9DF8DMBOP8YMiIJQCtAOFaF4eNLz9vY0jnhiD7e79i5ESAdDashoTbZpRD142DlHttzjaCsAaj0OT2NcdvkH3Z51SAtBD1ZU+B+X2rY7yalMSrIoPzgpUXwItKom04nwH5IZCvAYO7CKqycUvkXUttYayhKm2V6Hrjhtc/s4AqfwLgYfs6IIzdXr8IwA1yFDpKwGy9zChRBDoqM3zRNdaMXwDYDYb1WguRDtJPijwL7BFGeAawWvYmwMZKL4SHt5GSeFQksFABuFYehwh+FelgL6ykPj3ovWAnv8QK0PexuBhdBvKxuLnzU2Xj/oBxpSaMZx/aJs6iB3YkRYELzQBTgO33R1B84hHoPBVG0RPxsFkEjyEyYitVftspAjK0IijSuVxgCc+AXDgtkiMvgEg1L0esfAZcjr0m0ud8BohU83LE+g+v9ClfuoigvgAAAABJRU5ErkJggg==
15,Science,3,iVBORw0KGgoAAAANSUhEUgAAAEAAAABACAYAAACqaXHeAAAId0lEQVR4Xu1ae3BdRRn/7b1pE5xmQvFFbaG2tpEaKenZTYoCw0MFH4VRq/Uxg5Rqu2kpKFURrI/6gBZGKS9pNlgRH2NtBR1GRKljO2N1TO7Zm9JaRFrKiGKs44Rm0qlJk3vW+ZJzLpvbc3POvfcE7OTun3e//fa3v/2+8z32MkzywSb5+VEloGoBk5yBqgtMcgOofgSrLjARLqC4+y0ANwCYkqD+IRi2WWb5FxLUmbwLtC/KnsdS3t4kQdq6jJdqaut2nkpKf+IuoLh7DoC/JAWwUI/JpRvb9i46mJT+xAkgYMrRnwczNwF4TQHQXAnA0wWyR8DM7dJt2VyCjkjRCSFghATuvg/ALy0ED0ktlkci8gUUd78P4JpA3hj2nrYs/3Xc9XHlqgTEZapUuaoFiMxmGPaZpFwAht2RdAgkbBPnAo7eDWYuzhNg2AaZ5V+La0mKu18H8GVr/W9llr8r7vq4chNCgOLuuQD2WSCGAMyWWvTEBaa4ezaAwwDy0SDpHGDCLEBx9wEAn7Jub5vM8o/FPXwgpxz9MzCz1Fq3RWqxplQ948knbgH3n7tvenrqiX8AeFWwMUt5F6zKtP6xVOAdLV0XGy+121p3DMAsqUVfqbqKySdOgOLuZwFQLRCMvVKLReUCVtwlVyKXCsanpRb3lKuvcF2iBGyASc3g+hCAOcFGxrAVbVn+YLmAlaNXgRllrT/Yo/k5G8C8cnXa6xIloN3RVzJmHrU2+M/U+v6zrt196UC5YBV3yZXIpaZbpCaWFSZKgHL0TjDzTuuwm6QWt5R7+PzHcLS8JtcaHYY9LrP8vZXqpfWJERBSBVLhM1dq8XylQB9o7Zzj5dLkWqk8BwlVhckR4Oh7wcza/GGZeUS6LXYIq4gHJTKPwrArLSug5si6ipQmZQFbL9hTPzxQ9wKAegvQZVKLXVEA2x39bsbMC1KL/ePJKu5eDuA3lkzf8MBps6470EShseyRiAUo7lL7624LxX6pxcIoVH7rjHz76eGB01rGO4wfYQ4AoIZLMNZILbZE7TPefMUE+MCoA9RomaeUWd4RcaP3A1htyUT2C5SjrwMz91lrDkgt3vqKEhBimi/62drxYsDaHX0tY+Z7BfMeS+cWrOpa/Eyxdd9pOjCtpu6//yzH1YrprNgCFHep60Pdn2B8W2rxuWIb+nH97wDOOEmGmbuk23JjhOWQq5HLBeMXUosPlGsFFRGguPsmAHRjQXii7KxRavEsAaLDSi3GWIISmbUw7N4igCOtp6O1s9Hk0n+11lcUbisjwNF3ghn7xh6TWiwJwClH/wrMXAjgSQA7vKEp27xczfGa2oGbwQx9/OqsgwxQ03Pw6Okbew/NG5rB9dvBzFXwUq1g5im7ClTcpWhAUWF0VNAsKZsA3x8pRW2wDnGF1OKJ4PYB9AKoLTzk1GnHNg0ePf0sls49DmDEikwuvYTa3R0is9QYRs2Qt1jr+gf7Gl57w6H5g77uwoZr79T6/pnlpNxlExBSpDzTo/mCoEjxGxp/K2LqB71c+vJUOncMzNwKw9YDGAJ9GA37YJE18wLX8iMPuR6RN2oEZRZd5RPA3T8DaMqDZeZ66bbkQ1R7c/d8ls4V/aIDeD6Vzl2ysmvxc34PgfoFdowfw4PxUs1t3Q650shQInMjDLvTEiqr7C6LAMXdSwH8zjbRmrqBmZ/8w4X9wW9bmrvfmErnnitym8HPFwHohGFURL3UPwxZxFJe66pMayZPAHfJ9Sgk5hsvAC6SWuyJ2HPMdHkEiMzDY0zVsPtkll9fuLHi7r8AvD4UkF8rhNxkqHiqZvjMlZ3nH7EnlaPbwYy0rPCn0m356IQSENasZOncm8MSmJCeno3tspHbB8hKXhcBOjTj62jpajJeilwxGDlvuGb26iebqS6JNUq2AMXdjQButrQ/IbW4Imy3DpFZYQzbGjJ3pEfzN5zpZK8JyQhPFh+npa64S65ILhmMb0gtvhLr9KVWgw9esqvuRH89ZXH2o+cSqcVjYRveM+9gbW1DHyVFM8fMG/awzPIPKUf/AMxcHQGWkqM5xRqhirvvB/BzS8eRwb6G2UHIjCKiJAsIyeGf7dG8cbz+XMgTGWEauSXFXQqT1P8vOoxhS9uy/JFiAts/vD394uG59H6Q12MMu7oty38UdXiaL4kAxV0NwMkrZmZdnOdq/7n8DgvQSqnFdxV3KY3Nd3lCAN8itdgUdRAlMjfBsNstuU6pxflR60oioH1R9m0s5dm9/eO5E1Nnrdm/kEw0cnSIzFXGMLoVaposH+xr2Fbb0FesWUoZ5DqpxUORikdrDnJJcs18al0YNovpiW0BytE/ATMvhRjDlMzytjgAA5mRhKd2cDlj2G88RjH9qLW+F4btQsrbmRus3R6X2GC9cvRWMLMir8+wH8os/0QUvlgEKO7OAED+av/paWFUGytqc5r309q01ILeD8seHS1dzcZLdVsKBr2hKWev3nfev8dTGo8AR38VzGywFO2SWlAc/78airu/B0DV5+gwbL3M8tsqJ4C7fwKwOK834sv8SrHS7uiPMGa2WfvvkVpQul10xLMA7lJRM9/XQl3YMyo12YkgSXGXXJS+K0F98LTUYkESBNim1Td97uFXL9uxrJR/fE3EeU/S6RNAEWSaPxnpqvEsQGTWw7BvWr61Gcx8qbDd9bKcssgmfoPm1oJ+YWQeEYsAv16nosXu/tBXm8rfRF5pKySPkinCZv+3kCyBnubG/S9BLAIInOLuxwH8uEKgL+fyZVKLHVEbxibAJ4EeMqgtneSfoKMwljpPfcO1lGrHWVgSAaTQTzi+COAdob39OLtOjEwvmNlpcumNdussaquSCYhSeKrNVwk41W4sabxVC0ia0VNNX9UCTrUbSxrvpLeA/wHPLTxuOQAy9QAAAABJRU5ErkJggg==
101,Mammals,1,iVBORw0KGgoAAAANSUhEUgAAAEAAAABACAYAAACqaXHeAAAGgElEQVR4Xu2afWjVVRjHP8/dXJtWGmqooIX4hwszMkkljByogUUSZFiURtmLf1ipeX9TyxW23TlTVEhKI2dkkH9YYJBFZpSkwhB6o4EKFqmgolZuV3e3E+fst3k378v5vU3X7gOX7XfvOc95nu/vOc/bOUIfJ+nj+lMAoGABfRyBwhbo4wZQcIKFLXA9bAFVx3jamIXiAWA4MBQYAhyhlQpZwcmo5LxmFmCUbuVFhIdQjMyqoDBF4hz43wCgEtwJrAVm5FHqDLBaHDZEpbzm22MWoN6jH+d4C1gKFOdQ6gSwHWEbzRyVKlK9HgC1liGk+BSYlkWZZuBf4EagLG2M/n4vilVSSUMUQERuAaqasQhfItyWQQH9dnNZQ8eUZoopl6UcDxuESAFQtYxA8SMwKqDgF1BMlEqOBORz1fRQAVDrGUQzw4CzXOYipcZ7a6fnh/425g87SbJbqtDPoVMgAFQVxZTyKPCEu79vTpPwAjDQo8Q/I+wEvmYQDfICLR7nex7uGwBVw2iEj4HJnlftOuEsUE8R9fIaPwXk5Xm6LwBUDY8hbAXS37jXxbVJvwNsEAdtLdeEPAOgaqgwXh36+ZS4CWETrdTJcvTbv6bkCQBVwxjEOLbBPqVOoZgcVUz3I5M1AMbhlXEYxbi0hU4i7ECZ4kU7wvwxXXhZ4mz0I2wUc+wBSLAAeL+LlxfukDg6dUXV8BzCFgsht4jD8xbjemSIFQBqHWW00NilalPslkoe7pBS1TGAVpPO5qMz4hiLuS7IDoAELwHvdpP4CEnKO4oVVc0kYtZl6waSLI260LFB2BYA7fVnZmD4mQll7T5gfZZ8P5scf6DQ8w9QRCP9OCavct5G6DDH2AKgBfOa1fmRU1d/2rHqDtAJFI0IDaQ4GFVXyBYA5UebkOfo8LuDJPVh1gW2ABwFRoeskF92pxBWSpwP/DJIn2cHQA3zET4MY8EQeXwFzAmaRlsBYOJ8gpkoViBMsUp4QtQ0KyvhF1LMCOIfrAHojPcJBiKUo8yWGIyiP8JYYH5P6JxhjUMkmSpVXPazvmcAMi2iEiacPeJHgJDmbBaHhX54BQZAVTOYmAlbfqtDP3J3n5OiiHv89BPCAOA+YvwQhhYBeXwuDrO98ggOQC33ojhouXAKYReK/QhnjP9QaAArcp4O2TFP0coorw4xOABV9KfUpLD5tsAe2nhFlvN7d31UFSWUshhYCQyw0zfjqIXisNnL/MAAuCFyT56jrn0kmZ5e/CgdTWJMpZUhxPgL+NW0zxXfASVelOgcK3wicdOXsKawAMhULXYIoc1+nMRpNGDp1vkl1gOPdzsF0j8fQNGCMNVag64DD4vDBC9zwwHgbYZT1N4YyUDfikOFUX4Nw2hjf4Rp9UlxGNHjALjbQIdCfSjSnVaJYw5FdTb5DbSDERGliFMignXxFooFGOVq0fX91ef8imekkm2q1mSPv0Wk+BW2SQZIFU2264QCgGqPBLodlonfk+KwQyWMc9IHKVHSKXHMDRNrCgeANUygLevx9SJx2OSeJ+gtECUdA3TpfhHYKg5f5FssHABqmGva45lpnTgsUdUMJWYcZf7WeT6pbX9XLJBKc4KVlcIBIMEbwJtZVjEW4DpBLcyztvIHHif8KfHcR/PhAFBrDkfmZhB4jzg82PG9KZyEvQjjAytnx6BJnNyZZTgAJMz+756AnCbGeFnGqXRZTSKU5CNzOywc2gemH5EpBG8Xh3k9sQUydY3nicP2bIurBLPAnDfo22L56ohsbHaRZA5l3IpiCfCUe8dQj9c9ivn5WmaBLcBNbc91k7BBHCbavGBzgaqVOSimA5Pci5I2U3XQnSRxDnWxMO1sy2ixPWPwBYBSCLUm6RmFMNtF/4ocMe6XZXzfRbDVjKSEu2gzh6s6XdXxWputrv5KTQEklKDMd7YW8bo4rLZDK/MoTwC4b2sjyjQe0q+zXeGeVpG5CdIi4GmgPIigGecqjksltwfh6w2A/L2/s7RRLss57db4+jDj7iAC5p2b5Aa/DVHN2xoA1+wv5TRPN+83Mb+WaShzyytKOi8OtwRZwB6A9hthuvGhQ47eo7ppof/qj77wWCcOqzpjvt7zxdQjjDGtL8xHj9Vpqi5WOj76+R/zLDShOguZm1z/oH2EnqvvI+m/+ln/r+8YLc4VaWyAsQbAhllvHFMAoDe+tTBlLlhAmGj2Rl4FC+iNby1Mmfu8BfwHHU63UK7t0H8AAAAASUVORK5CYII=
102,Animals ,2,iVBORw0KGgoAAAANSUhEUgAAAEAAAABACAYAAACqaXHeAAAGgElEQVR4Xu2afWjVVRjHP8/dXJtWGmqooIX4hwszMkkljByogUUSZFiURtmLf1ipeX9TyxW23TlTVEhKI2dkkH9YYJBFZpSkwhB6o4EKFqmgolZuV3e3E+fst3k378v5vU3X7gOX7XfvOc95nu/vOc/bOUIfJ+nj+lMAoGABfRyBwhbo4wZQcIKFLXA9bAFVx3jamIXiAWA4MBQYAhyhlQpZwcmo5LxmFmCUbuVFhIdQjMyqoDBF4hz43wCgEtwJrAVm5FHqDLBaHDZEpbzm22MWoN6jH+d4C1gKFOdQ6gSwHWEbzRyVKlK9HgC1liGk+BSYlkWZZuBf4EagLG2M/n4vilVSSUMUQERuAaqasQhfItyWQQH9dnNZQ8eUZoopl6UcDxuESAFQtYxA8SMwKqDgF1BMlEqOBORz1fRQAVDrGUQzw4CzXOYipcZ7a6fnh/425g87SbJbqtDPoVMgAFQVxZTyKPCEu79vTpPwAjDQo8Q/I+wEvmYQDfICLR7nex7uGwBVw2iEj4HJnlftOuEsUE8R9fIaPwXk5Xm6LwBUDY8hbAXS37jXxbVJvwNsEAdtLdeEPAOgaqgwXh36+ZS4CWETrdTJcvTbv6bkCQBVwxjEOLbBPqVOoZgcVUz3I5M1AMbhlXEYxbi0hU4i7ECZ4kU7wvwxXXhZ4mz0I2wUc+wBSLAAeL+LlxfukDg6dUXV8BzCFgsht4jD8xbjemSIFQBqHWW00NilalPslkoe7pBS1TGAVpPO5qMz4hiLuS7IDoAELwHvdpP4CEnKO4oVVc0kYtZl6waSLI260LFB2BYA7fVnZmD4mQll7T5gfZZ8P5scf6DQ8w9QRCP9OCavct5G6DDH2AKgBfOa1fmRU1d/2rHqDtAJFI0IDaQ4GFVXyBYA5UebkOfo8LuDJPVh1gW2ABwFRoeskF92pxBWSpwP/DJIn2cHQA3zET4MY8EQeXwFzAmaRlsBYOJ8gpkoViBMsUp4QtQ0KyvhF1LMCOIfrAHojPcJBiKUo8yWGIyiP8JYYH5P6JxhjUMkmSpVXPazvmcAMi2iEiacPeJHgJDmbBaHhX54BQZAVTOYmAlbfqtDP3J3n5OiiHv89BPCAOA+YvwQhhYBeXwuDrO98ggOQC33ojhouXAKYReK/QhnjP9QaAArcp4O2TFP0coorw4xOABV9KfUpLD5tsAe2nhFlvN7d31UFSWUshhYCQyw0zfjqIXisNnL/MAAuCFyT56jrn0kmZ5e/CgdTWJMpZUhxPgL+NW0zxXfASVelOgcK3wicdOXsKawAMhULXYIoc1+nMRpNGDp1vkl1gOPdzsF0j8fQNGCMNVag64DD4vDBC9zwwHgbYZT1N4YyUDfikOFUX4Nw2hjf4Rp9UlxGNHjALjbQIdCfSjSnVaJYw5FdTb5DbSDERGliFMignXxFooFGOVq0fX91ef8imekkm2q1mSPv0Wk+BW2SQZIFU2264QCgGqPBLodlonfk+KwQyWMc9IHKVHSKXHMDRNrCgeANUygLevx9SJx2OSeJ+gtECUdA3TpfhHYKg5f5FssHABqmGva45lpnTgsUdUMJWYcZf7WeT6pbX9XLJBKc4KVlcIBIMEbwJtZVjEW4DpBLcyztvIHHif8KfHcR/PhAFBrDkfmZhB4jzg82PG9KZyEvQjjAytnx6BJnNyZZTgAJMz+756AnCbGeFnGqXRZTSKU5CNzOywc2gemH5EpBG8Xh3k9sQUydY3nicP2bIurBLPAnDfo22L56ohsbHaRZA5l3IpiCfCUe8dQj9c9ivn5WmaBLcBNbc91k7BBHCbavGBzgaqVOSimA5Pci5I2U3XQnSRxDnWxMO1sy2ixPWPwBYBSCLUm6RmFMNtF/4ocMe6XZXzfRbDVjKSEu2gzh6s6XdXxWputrv5KTQEklKDMd7YW8bo4rLZDK/MoTwC4b2sjyjQe0q+zXeGeVpG5CdIi4GmgPIigGecqjksltwfh6w2A/L2/s7RRLss57db4+jDj7iAC5p2b5Aa/DVHN2xoA1+wv5TRPN+83Mb+WaShzyytKOi8OtwRZwB6A9hthuvGhQ47eo7ppof/qj77wWCcOqzpjvt7zxdQjjDGtL8xHj9Vpqi5WOj76+R/zLDShOguZm1z/oH2EnqvvI+m/+ln/r+8YLc4VaWyAsQbAhllvHFMAoDe+tTBlLlhAmGj2Rl4FC+iNby1Mmfu8BfwHHU63UK7t0H8AAAAASUVORK5CYII=
103,Animals ,3,iVBORw0KGgoAAAANSUhEUgAAAEAAAABACAYAAACqaXHeAAAGgElEQVR4Xu2afWjVVRjHP8/dXJtWGmqooIX4hwszMkkljByogUUSZFiURtmLf1ipeX9TyxW23TlTVEhKI2dkkH9YYJBFZpSkwhB6o4EKFqmgolZuV3e3E+fst3k378v5vU3X7gOX7XfvOc95nu/vOc/bOUIfJ+nj+lMAoGABfRyBwhbo4wZQcIKFLXA9bAFVx3jamIXiAWA4MBQYAhyhlQpZwcmo5LxmFmCUbuVFhIdQjMyqoDBF4hz43wCgEtwJrAVm5FHqDLBaHDZEpbzm22MWoN6jH+d4C1gKFOdQ6gSwHWEbzRyVKlK9HgC1liGk+BSYlkWZZuBf4EagLG2M/n4vilVSSUMUQERuAaqasQhfItyWQQH9dnNZQ8eUZoopl6UcDxuESAFQtYxA8SMwKqDgF1BMlEqOBORz1fRQAVDrGUQzw4CzXOYipcZ7a6fnh/425g87SbJbqtDPoVMgAFQVxZTyKPCEu79vTpPwAjDQo8Q/I+wEvmYQDfICLR7nex7uGwBVw2iEj4HJnlftOuEsUE8R9fIaPwXk5Xm6LwBUDY8hbAXS37jXxbVJvwNsEAdtLdeEPAOgaqgwXh36+ZS4CWETrdTJcvTbv6bkCQBVwxjEOLbBPqVOoZgcVUz3I5M1AMbhlXEYxbi0hU4i7ECZ4kU7wvwxXXhZ4mz0I2wUc+wBSLAAeL+LlxfukDg6dUXV8BzCFgsht4jD8xbjemSIFQBqHWW00NilalPslkoe7pBS1TGAVpPO5qMz4hiLuS7IDoAELwHvdpP4CEnKO4oVVc0kYtZl6waSLI260LFB2BYA7fVnZmD4mQll7T5gfZZ8P5scf6DQ8w9QRCP9OCavct5G6DDH2AKgBfOa1fmRU1d/2rHqDtAJFI0IDaQ4GFVXyBYA5UebkOfo8LuDJPVh1gW2ABwFRoeskF92pxBWSpwP/DJIn2cHQA3zET4MY8EQeXwFzAmaRlsBYOJ8gpkoViBMsUp4QtQ0KyvhF1LMCOIfrAHojPcJBiKUo8yWGIyiP8JYYH5P6JxhjUMkmSpVXPazvmcAMi2iEiacPeJHgJDmbBaHhX54BQZAVTOYmAlbfqtDP3J3n5OiiHv89BPCAOA+YvwQhhYBeXwuDrO98ggOQC33ojhouXAKYReK/QhnjP9QaAArcp4O2TFP0coorw4xOABV9KfUpLD5tsAe2nhFlvN7d31UFSWUshhYCQyw0zfjqIXisNnL/MAAuCFyT56jrn0kmZ5e/CgdTWJMpZUhxPgL+NW0zxXfASVelOgcK3wicdOXsKawAMhULXYIoc1+nMRpNGDp1vkl1gOPdzsF0j8fQNGCMNVag64DD4vDBC9zwwHgbYZT1N4YyUDfikOFUX4Nw2hjf4Rp9UlxGNHjALjbQIdCfSjSnVaJYw5FdTb5DbSDERGliFMignXxFooFGOVq0fX91ef8imekkm2q1mSPv0Wk+BW2SQZIFU2264QCgGqPBLodlonfk+KwQyWMc9IHKVHSKXHMDRNrCgeANUygLevx9SJx2OSeJ+gtECUdA3TpfhHYKg5f5FssHABqmGva45lpnTgsUdUMJWYcZf7WeT6pbX9XLJBKc4KVlcIBIMEbwJtZVjEW4DpBLcyztvIHHif8KfHcR/PhAFBrDkfmZhB4jzg82PG9KZyEvQjjAytnx6BJnNyZZTgAJMz+756AnCbGeFnGqXRZTSKU5CNzOywc2gemH5EpBG8Xh3k9sQUydY3nicP2bIurBLPAnDfo22L56ohsbHaRZA5l3IpiCfCUe8dQj9c9ivn5WmaBLcBNbc91k7BBHCbavGBzgaqVOSimA5Pci5I2U3XQnSRxDnWxMO1sy2ixPWPwBYBSCLUm6RmFMNtF/4ocMe6XZXzfRbDVjKSEu2gzh6s6XdXxWputrv5KTQEklKDMd7YW8bo4rLZDK/MoTwC4b2sjyjQe0q+zXeGeVpG5CdIi4GmgPIigGecqjksltwfh6w2A/L2/s7RRLss57db4+jDj7iAC5p2b5Aa/DVHN2xoA1+wv5TRPN+83Mb+WaShzyytKOi8OtwRZwB6A9hthuvGhQ47eo7ppof/qj77wWCcOqzpjvt7zxdQjjDGtL8xHj9Vpqi5WOj76+R/zLDShOguZm1z/oH2EnqvvI+m/+ln/r+8YLc4VaWyAsQbAhllvHFMAoDe+tTBlLlhAmGj2Rl4FC+iNby1Mmfu8BfwHHU63UK7t0H8AAAAASUVORK5CYII=
104,Awards India,2,iVBORw0KGgoAAAANSUhEUgAAADAAAAAwCAYAAABXAvmHAAAD50lEQVRoQ+2YXWgcVRTHf2cm25DSElKjoCmFED9ai8ZmEsEYrG26G1ERxQ9Q6ltV6JNQ8EUrheCDDwo+iER9kgp+oGKRotkssZoEtU4SRWWphqDUFkogSkolbGaOzDaJbcjOx92VJjAD8zTnnPv/nXPu2XtXWOePrHP9pABXuoJpBdIKVJmBqltIj19fz4bGblTbUbYjbAe5DtgEbAYagH+AOeA86BmUIkIRtSdYmP1G7v1t3pTDCEDzTiOq+xEeBOkGNpoKAC4AI6geY2PDO9IzGoDGfhIBaKG9Bb/ueeDJxQzHXiimYSD+KB79co97No5PLAD94FGbLdOHUD38PwlfqXUOtJ/R8VfkCH4YSCRAucczje9B0C6xnmmUr0BPgZzDogRaj1pXg38TSA/QGisS+hFN8rh0uqVK9tEA+Y5PQR6IWDAQOYAvr0ufW4wSp0O7bgb7IKpPA5lwe/lYst8/bASgeecJ4N0IQdOIf7/sm/glSvjK75p3bgE+A7aF+iqPSc79cDWb0AroUOcJVO8KCV5CvZ2Sm/w1qfglex26/UbU+ymiEsOSdfcmB8g7fwGNFcWpjklu/E5T8csQ+Y7vQLoqxhFmZZ+7xQTgFHBDiMA/GHVboyZFGKAewaLb+R1ha4hdUbLuDgOAzgEob7SQR1+S7PgLplXQwY6XEXkuwv8NyboHkwN8ces12JkiSlPEpHgfq3RIen/4My6I5p1toK+CVJwwi7FmqGOH7HFnEgMEDjro5BA+iXFcCEbpMbCOowtfMzY5dWlrXWyV29rA3o1wH5TfiBHKHOo/JLmJgtEY/W9S7LoDtYIx1hI3w4AHzKCUEDYAVwF2bH/lNMoj0ud+G+YT+UO2DDG8cxMLDS+CPhsjc7F1rmI4j+prZOb7Zc/P56MCxQZYBvncuZY6DqA8k7AiEbOA01i8iVcakL4fz0UJX/qeGGAZJOjpni4H38si1l7QdqA57sLl9kInQQqoP8TYxLjJODYGWE2oDjvNLASXGm3Bl82IBBea4K5wAdXgqPw3wlnqKFaaKgkSUDatKUDSxWthnwLUIovVxKiqAlro6sb330JkCmUKgtc/g68zWNYsYs/jUcImg3r1+H4TljQjshWfNixpRbUNy3pKek+OmYBUBzDYtRvxvzRZ+DIfte6W3MkTJnFSgLQC5RNj2kIm2yc4aqeb+GLm0hYy66A4LeSBjiz+G1f5MrMGK+ChHMWmX3rdKS04bXgcRti/6q1sDQFcJnxlYSuCrAGAUOGRIFcMIO/0oBxYapWkW+mSirwtWXckqX96oTHJWK19qjqN1lqMSbwUwCRrtfRZ9xX4F6pol0D6ul5rAAAAAElFTkSuQmCC
105,Chemistry,1,iVBORw0KGgoAAAANSUhEUgAAAEAAAABACAYAAACqaXHeAAAId0lEQVR4Xu1ae3BdRRn/7b1pE5xmQvFFbaG2tpEaKenZTYoCw0MFH4VRq/Uxg5Rqu2kpKFURrI/6gBZGKS9pNlgRH2NtBR1GRKljO2N1TO7Zm9JaRFrKiGKs44Rm0qlJk3vW+ZJzLpvbc3POvfcE7OTun3e//fa3v/2+8z32MkzywSb5+VEloGoBk5yBqgtMcgOofgSrLjARLqC4+y0ANwCYkqD+IRi2WWb5FxLUmbwLtC/KnsdS3t4kQdq6jJdqaut2nkpKf+IuoLh7DoC/JAWwUI/JpRvb9i46mJT+xAkgYMrRnwczNwF4TQHQXAnA0wWyR8DM7dJt2VyCjkjRCSFghATuvg/ALy0ED0ktlkci8gUUd78P4JpA3hj2nrYs/3Xc9XHlqgTEZapUuaoFiMxmGPaZpFwAht2RdAgkbBPnAo7eDWYuzhNg2AaZ5V+La0mKu18H8GVr/W9llr8r7vq4chNCgOLuuQD2WSCGAMyWWvTEBaa4ezaAwwDy0SDpHGDCLEBx9wEAn7Jub5vM8o/FPXwgpxz9MzCz1Fq3RWqxplQ948knbgH3n7tvenrqiX8AeFWwMUt5F6zKtP6xVOAdLV0XGy+121p3DMAsqUVfqbqKySdOgOLuZwFQLRCMvVKLReUCVtwlVyKXCsanpRb3lKuvcF2iBGyASc3g+hCAOcFGxrAVbVn+YLmAlaNXgRllrT/Yo/k5G8C8cnXa6xIloN3RVzJmHrU2+M/U+v6zrt196UC5YBV3yZXIpaZbpCaWFSZKgHL0TjDzTuuwm6QWt5R7+PzHcLS8JtcaHYY9LrP8vZXqpfWJERBSBVLhM1dq8XylQB9o7Zzj5dLkWqk8BwlVhckR4Oh7wcza/GGZeUS6LXYIq4gHJTKPwrArLSug5si6ipQmZQFbL9hTPzxQ9wKAegvQZVKLXVEA2x39bsbMC1KL/ePJKu5eDuA3lkzf8MBps6470EShseyRiAUo7lL7624LxX6pxcIoVH7rjHz76eGB01rGO4wfYQ4AoIZLMNZILbZE7TPefMUE+MCoA9RomaeUWd4RcaP3A1htyUT2C5SjrwMz91lrDkgt3vqKEhBimi/62drxYsDaHX0tY+Z7BfMeS+cWrOpa/Eyxdd9pOjCtpu6//yzH1YrprNgCFHep60Pdn2B8W2rxuWIb+nH97wDOOEmGmbuk23JjhOWQq5HLBeMXUosPlGsFFRGguPsmAHRjQXii7KxRavEsAaLDSi3GWIISmbUw7N4igCOtp6O1s9Hk0n+11lcUbisjwNF3ghn7xh6TWiwJwClH/wrMXAjgSQA7vKEp27xczfGa2oGbwQx9/OqsgwxQ03Pw6Okbew/NG5rB9dvBzFXwUq1g5im7ClTcpWhAUWF0VNAsKZsA3x8pRW2wDnGF1OKJ4PYB9AKoLTzk1GnHNg0ePf0sls49DmDEikwuvYTa3R0is9QYRs2Qt1jr+gf7Gl57w6H5g77uwoZr79T6/pnlpNxlExBSpDzTo/mCoEjxGxp/K2LqB71c+vJUOncMzNwKw9YDGAJ9GA37YJE18wLX8iMPuR6RN2oEZRZd5RPA3T8DaMqDZeZ66bbkQ1R7c/d8ls4V/aIDeD6Vzl2ysmvxc34PgfoFdowfw4PxUs1t3Q650shQInMjDLvTEiqr7C6LAMXdSwH8zjbRmrqBmZ/8w4X9wW9bmrvfmErnnitym8HPFwHohGFURL3UPwxZxFJe66pMayZPAHfJ9Sgk5hsvAC6SWuyJ2HPMdHkEiMzDY0zVsPtkll9fuLHi7r8AvD4UkF8rhNxkqHiqZvjMlZ3nH7EnlaPbwYy0rPCn0m356IQSENasZOncm8MSmJCeno3tspHbB8hKXhcBOjTj62jpajJeilwxGDlvuGb26iebqS6JNUq2AMXdjQButrQ/IbW4Imy3DpFZYQzbGjJ3pEfzN5zpZK8JyQhPFh+npa64S65ILhmMb0gtvhLr9KVWgw9esqvuRH89ZXH2o+cSqcVjYRveM+9gbW1DHyVFM8fMG/awzPIPKUf/AMxcHQGWkqM5xRqhirvvB/BzS8eRwb6G2UHIjCKiJAsIyeGf7dG8cbz+XMgTGWEauSXFXQqT1P8vOoxhS9uy/JFiAts/vD394uG59H6Q12MMu7oty38UdXiaL4kAxV0NwMkrZmZdnOdq/7n8DgvQSqnFdxV3KY3Nd3lCAN8itdgUdRAlMjfBsNstuU6pxflR60oioH1R9m0s5dm9/eO5E1Nnrdm/kEw0cnSIzFXGMLoVaposH+xr2Fbb0FesWUoZ5DqpxUORikdrDnJJcs18al0YNovpiW0BytE/ATMvhRjDlMzytjgAA5mRhKd2cDlj2G88RjH9qLW+F4btQsrbmRus3R6X2GC9cvRWMLMir8+wH8os/0QUvlgEKO7OAED+av/paWFUGytqc5r309q01ILeD8seHS1dzcZLdVsKBr2hKWev3nfev8dTGo8AR38VzGywFO2SWlAc/78airu/B0DV5+gwbL3M8tsqJ4C7fwKwOK834sv8SrHS7uiPMGa2WfvvkVpQul10xLMA7lJRM9/XQl3YMyo12YkgSXGXXJS+K0F98LTUYkESBNim1Td97uFXL9uxrJR/fE3EeU/S6RNAEWSaPxnpqvEsQGTWw7BvWr61Gcx8qbDd9bKcssgmfoPm1oJ+YWQeEYsAv16nosXu/tBXm8rfRF5pKySPkinCZv+3kCyBnubG/S9BLAIInOLuxwH8uEKgL+fyZVKLHVEbxibAJ4EeMqgtneSfoKMwljpPfcO1lGrHWVgSAaTQTzi+COAdob39OLtOjEwvmNlpcumNdussaquSCYhSeKrNVwk41W4sabxVC0ia0VNNX9UCTrUbSxrvpLeA/wHPLTxuOQAy9QAAAABJRU5ErkJggg==
106,Chemistry,2,iVBORw0KGgoAAAANSUhEUgAAAEAAAABACAYAAACqaXHeAAAId0lEQVR4Xu1ae3BdRRn/7b1pE5xmQvFFbaG2tpEaKenZTYoCw0MFH4VRq/Uxg5Rqu2kpKFURrI/6gBZGKS9pNlgRH2NtBR1GRKljO2N1TO7Zm9JaRFrKiGKs44Rm0qlJk3vW+ZJzLpvbc3POvfcE7OTun3e//fa3v/2+8z32MkzywSb5+VEloGoBk5yBqgtMcgOofgSrLjARLqC4+y0ANwCYkqD+IRi2WWb5FxLUmbwLtC/KnsdS3t4kQdq6jJdqaut2nkpKf+IuoLh7DoC/JAWwUI/JpRvb9i46mJT+xAkgYMrRnwczNwF4TQHQXAnA0wWyR8DM7dJt2VyCjkjRCSFghATuvg/ALy0ED0ktlkci8gUUd78P4JpA3hj2nrYs/3Xc9XHlqgTEZapUuaoFiMxmGPaZpFwAht2RdAgkbBPnAo7eDWYuzhNg2AaZ5V+La0mKu18H8GVr/W9llr8r7vq4chNCgOLuuQD2WSCGAMyWWvTEBaa4ezaAwwDy0SDpHGDCLEBx9wEAn7Jub5vM8o/FPXwgpxz9MzCz1Fq3RWqxplQ948knbgH3n7tvenrqiX8AeFWwMUt5F6zKtP6xVOAdLV0XGy+121p3DMAsqUVfqbqKySdOgOLuZwFQLRCMvVKLReUCVtwlVyKXCsanpRb3lKuvcF2iBGyASc3g+hCAOcFGxrAVbVn+YLmAlaNXgRllrT/Yo/k5G8C8cnXa6xIloN3RVzJmHrU2+M/U+v6zrt196UC5YBV3yZXIpaZbpCaWFSZKgHL0TjDzTuuwm6QWt5R7+PzHcLS8JtcaHYY9LrP8vZXqpfWJERBSBVLhM1dq8XylQB9o7Zzj5dLkWqk8BwlVhckR4Oh7wcza/GGZeUS6LXYIq4gHJTKPwrArLSug5si6ipQmZQFbL9hTPzxQ9wKAegvQZVKLXVEA2x39bsbMC1KL/ePJKu5eDuA3lkzf8MBps6470EShseyRiAUo7lL7624LxX6pxcIoVH7rjHz76eGB01rGO4wfYQ4AoIZLMNZILbZE7TPefMUE+MCoA9RomaeUWd4RcaP3A1htyUT2C5SjrwMz91lrDkgt3vqKEhBimi/62drxYsDaHX0tY+Z7BfMeS+cWrOpa/Eyxdd9pOjCtpu6//yzH1YrprNgCFHep60Pdn2B8W2rxuWIb+nH97wDOOEmGmbuk23JjhOWQq5HLBeMXUosPlGsFFRGguPsmAHRjQXii7KxRavEsAaLDSi3GWIISmbUw7N4igCOtp6O1s9Hk0n+11lcUbisjwNF3ghn7xh6TWiwJwClH/wrMXAjgSQA7vKEp27xczfGa2oGbwQx9/OqsgwxQ03Pw6Okbew/NG5rB9dvBzFXwUq1g5im7ClTcpWhAUWF0VNAsKZsA3x8pRW2wDnGF1OKJ4PYB9AKoLTzk1GnHNg0ePf0sls49DmDEikwuvYTa3R0is9QYRs2Qt1jr+gf7Gl57w6H5g77uwoZr79T6/pnlpNxlExBSpDzTo/mCoEjxGxp/K2LqB71c+vJUOncMzNwKw9YDGAJ9GA37YJE18wLX8iMPuR6RN2oEZRZd5RPA3T8DaMqDZeZ66bbkQ1R7c/d8ls4V/aIDeD6Vzl2ysmvxc34PgfoFdowfw4PxUs1t3Q650shQInMjDLvTEiqr7C6LAMXdSwH8zjbRmrqBmZ/8w4X9wW9bmrvfmErnnitym8HPFwHohGFURL3UPwxZxFJe66pMayZPAHfJ9Sgk5hsvAC6SWuyJ2HPMdHkEiMzDY0zVsPtkll9fuLHi7r8AvD4UkF8rhNxkqHiqZvjMlZ3nH7EnlaPbwYy0rPCn0m356IQSENasZOncm8MSmJCeno3tspHbB8hKXhcBOjTj62jpajJeilwxGDlvuGb26iebqS6JNUq2AMXdjQButrQ/IbW4Imy3DpFZYQzbGjJ3pEfzN5zpZK8JyQhPFh+npa64S65ILhmMb0gtvhLr9KVWgw9esqvuRH89ZXH2o+cSqcVjYRveM+9gbW1DHyVFM8fMG/awzPIPKUf/AMxcHQGWkqM5xRqhirvvB/BzS8eRwb6G2UHIjCKiJAsIyeGf7dG8cbz+XMgTGWEauSXFXQqT1P8vOoxhS9uy/JFiAts/vD394uG59H6Q12MMu7oty38UdXiaL4kAxV0NwMkrZmZdnOdq/7n8DgvQSqnFdxV3KY3Nd3lCAN8itdgUdRAlMjfBsNstuU6pxflR60oioH1R9m0s5dm9/eO5E1Nnrdm/kEw0cnSIzFXGMLoVaposH+xr2Fbb0FesWUoZ5DqpxUORikdrDnJJcs18al0YNovpiW0BytE/ATMvhRjDlMzytjgAA5mRhKd2cDlj2G88RjH9qLW+F4btQsrbmRus3R6X2GC9cvRWMLMir8+wH8os/0QUvlgEKO7OAED+av/paWFUGytqc5r309q01ILeD8seHS1dzcZLdVsKBr2hKWev3nfev8dTGo8AR38VzGywFO2SWlAc/78airu/B0DV5+gwbL3M8tsqJ4C7fwKwOK834sv8SrHS7uiPMGa2WfvvkVpQul10xLMA7lJRM9/XQl3YMyo12YkgSXGXXJS+K0F98LTUYkESBNim1Td97uFXL9uxrJR/fE3EeU/S6RNAEWSaPxnpqvEsQGTWw7BvWr61Gcx8qbDd9bKcssgmfoPm1oJ+YWQeEYsAv16nosXu/tBXm8rfRF5pKySPkinCZv+3kCyBnubG/S9BLAIInOLuxwH8uEKgL+fyZVKLHVEbxibAJ4EeMqgtneSfoKMwljpPfcO1lGrHWVgSAaTQTzi+COAdob39OLtOjEwvmNlpcumNdussaquSCYhSeKrNVwk41W4sabxVC0ia0VNNX9UCTrUbSxrvpLeA/wHPLTxuOQAy9QAAAABJRU5ErkJggg==
107,Chemistry,3,iVBORw0KGgoAAAANSUhEUgAAAEAAAABACAYAAACqaXHeAAAId0lEQVR4Xu1ae3BdRRn/7b1pE5xmQvFFbaG2tpEaKenZTYoCw0MFH4VRq/Uxg5Rqu2kpKFURrI/6gBZGKS9pNlgRH2NtBR1GRKljO2N1TO7Zm9JaRFrKiGKs44Rm0qlJk3vW+ZJzLpvbc3POvfcE7OTun3e//fa3v/2+8z32MkzywSb5+VEloGoBk5yBqgtMcgOofgSrLjARLqC4+y0ANwCYkqD+IRi2WWb5FxLUmbwLtC/KnsdS3t4kQdq6jJdqaut2nkpKf+IuoLh7DoC/JAWwUI/JpRvb9i46mJT+xAkgYMrRnwczNwF4TQHQXAnA0wWyR8DM7dJt2VyCjkjRCSFghATuvg/ALy0ED0ktlkci8gUUd78P4JpA3hj2nrYs/3Xc9XHlqgTEZapUuaoFiMxmGPaZpFwAht2RdAgkbBPnAo7eDWYuzhNg2AaZ5V+La0mKu18H8GVr/W9llr8r7vq4chNCgOLuuQD2WSCGAMyWWvTEBaa4ezaAwwDy0SDpHGDCLEBx9wEAn7Jub5vM8o/FPXwgpxz9MzCz1Fq3RWqxplQ948knbgH3n7tvenrqiX8AeFWwMUt5F6zKtP6xVOAdLV0XGy+121p3DMAsqUVfqbqKySdOgOLuZwFQLRCMvVKLReUCVtwlVyKXCsanpRb3lKuvcF2iBGyASc3g+hCAOcFGxrAVbVn+YLmAlaNXgRllrT/Yo/k5G8C8cnXa6xIloN3RVzJmHrU2+M/U+v6zrt196UC5YBV3yZXIpaZbpCaWFSZKgHL0TjDzTuuwm6QWt5R7+PzHcLS8JtcaHYY9LrP8vZXqpfWJERBSBVLhM1dq8XylQB9o7Zzj5dLkWqk8BwlVhckR4Oh7wcza/GGZeUS6LXYIq4gHJTKPwrArLSug5si6ipQmZQFbL9hTPzxQ9wKAegvQZVKLXVEA2x39bsbMC1KL/ePJKu5eDuA3lkzf8MBps6470EShseyRiAUo7lL7624LxX6pxcIoVH7rjHz76eGB01rGO4wfYQ4AoIZLMNZILbZE7TPefMUE+MCoA9RomaeUWd4RcaP3A1htyUT2C5SjrwMz91lrDkgt3vqKEhBimi/62drxYsDaHX0tY+Z7BfMeS+cWrOpa/Eyxdd9pOjCtpu6//yzH1YrprNgCFHep60Pdn2B8W2rxuWIb+nH97wDOOEmGmbuk23JjhOWQq5HLBeMXUosPlGsFFRGguPsmAHRjQXii7KxRavEsAaLDSi3GWIISmbUw7N4igCOtp6O1s9Hk0n+11lcUbisjwNF3ghn7xh6TWiwJwClH/wrMXAjgSQA7vKEp27xczfGa2oGbwQx9/OqsgwxQ03Pw6Okbew/NG5rB9dvBzFXwUq1g5im7ClTcpWhAUWF0VNAsKZsA3x8pRW2wDnGF1OKJ4PYB9AKoLTzk1GnHNg0ePf0sls49DmDEikwuvYTa3R0is9QYRs2Qt1jr+gf7Gl57w6H5g77uwoZr79T6/pnlpNxlExBSpDzTo/mCoEjxGxp/K2LqB71c+vJUOncMzNwKw9YDGAJ9GA37YJE18wLX8iMPuR6RN2oEZRZd5RPA3T8DaMqDZeZ66bbkQ1R7c/d8ls4V/aIDeD6Vzl2ysmvxc34PgfoFdowfw4PxUs1t3Q650shQInMjDLvTEiqr7C6LAMXdSwH8zjbRmrqBmZ/8w4X9wW9bmrvfmErnnitym8HPFwHohGFURL3UPwxZxFJe66pMayZPAHfJ9Sgk5hsvAC6SWuyJ2HPMdHkEiMzDY0zVsPtkll9fuLHi7r8AvD4UkF8rhNxkqHiqZvjMlZ3nH7EnlaPbwYy0rPCn0m356IQSENasZOncm8MSmJCeno3tspHbB8hKXhcBOjTj62jpajJeilwxGDlvuGb26iebqS6JNUq2AMXdjQButrQ/IbW4Imy3DpFZYQzbGjJ3pEfzN5zpZK8JyQhPFh+npa64S65ILhmMb0gtvhLr9KVWgw9esqvuRH89ZXH2o+cSqcVjYRveM+9gbW1DHyVFM8fMG/awzPIPKUf/AMxcHQGWkqM5xRqhirvvB/BzS8eRwb6G2UHIjCKiJAsIyeGf7dG8cbz+XMgTGWEauSXFXQqT1P8vOoxhS9uy/JFiAts/vD394uG59H6Q12MMu7oty38UdXiaL4kAxV0NwMkrZmZdnOdq/7n8DgvQSqnFdxV3KY3Nd3lCAN8itdgUdRAlMjfBsNstuU6pxflR60oioH1R9m0s5dm9/eO5E1Nnrdm/kEw0cnSIzFXGMLoVaposH+xr2Fbb0FesWUoZ5DqpxUORikdrDnJJcs18al0YNovpiW0BytE/ATMvhRjDlMzytjgAA5mRhKd2cDlj2G88RjH9qLW+F4btQsrbmRus3R6X2GC9cvRWMLMir8+wH8os/0QUvlgEKO7OAED+av/paWFUGytqc5r309q01ILeD8seHS1dzcZLdVsKBr2hKWev3nfev8dTGo8AR38VzGywFO2SWlAc/78airu/B0DV5+gwbL3M8tsqJ4C7fwKwOK834sv8SrHS7uiPMGa2WfvvkVpQul10xLMA7lJRM9/XQl3YMyo12YkgSXGXXJS+K0F98LTUYkESBNim1Td97uFXL9uxrJR/fE3EeU/S6RNAEWSaPxnpqvEsQGTWw7BvWr61Gcx8qbDd9bKcssgmfoPm1oJ+YWQeEYsAv16nosXu/tBXm8rfRF5pKySPkinCZv+3kCyBnubG/S9BLAIInOLuxwH8uEKgL+fyZVKLHVEbxibAJ4EeMqgtneSfoKMwljpPfcO1lGrHWVgSAaTQTzi+COAdob39OLtOjEwvmNlpcumNdussaquSCYhSeKrNVwk41W4sabxVC0ia0VNNX9UCTrUbSxrvpLeA/wHPLTxuOQAy9QAAAABJRU5ErkJggg==
108,Fruits,1,iVBORw0KGgoAAAANSUhEUgAAADAAAAAwCAYAAABXAvmHAAAFiUlEQVRoQ+3Ye+hedR0H8Nd5dlHLeQF1WJGJFqhk6/ec1YwlWIaIEuTKpOWFEkd2seHoQmoXHZmki4J0KnRx1gpmFwVNrbEkb7/z/GyasbQMx1YIoayFTrffTnyec57x9Pye5znn93O/5eD3/e9wPtfv5/b+fBP7+Un2c/vNOPD/juBMBGYi8CpvYJ+m0Cinj/PEIp4bZHeLc5rcUdevferAGKfsZl2DJSM81Gvk4xz+CltwQsrmOk7sUwce4y3j/B07cW7KL7uNjAgl3JewsskVrzkHxjh1NxtKw56bywkn80LH0FHWJZyTMNrkXa85BzIux7e7DPtyyrXxnXEc/oJZ2J5yyD514EkOfon529l6Gjv6Kc+4HR/r+vejlIvWc+A8/oCR8t+OlIOm3YGnOeDfXJhzGU4sFUZ+j+HGJrcl7O5Nkc53zj0JSxJ+nLOky+A/p5w0rQ6UBfkLLBii6KkGF3U6TsaV+EYX/Ta8jKN6ZPwkZem0OZDxbtyFI0olccurG6wdZ2nCJV3Kx/H1lKsz3lzm+YEVxl2W8t1pceCPvHEXLczvKEg4v8ma+G7x05zz+ii/tcmyFivxpSHGvbCDYxazfa87kDEHDygi0H3Oxr8SPj/A+DZtwrqcC3J+nfD+AQZenXJVHeNLmXVJ27f71Zyv1eeYSJlwf84ncR/e1kuR8GDOB1JerKOn9iR+mPmzeRrz6ggeRlMaeQGiCby9D+2mBstG+H2VrtoOtLgpZ5miLV6XsGMK0YgWG2dOzm+j4OewJuf0AYb+LeehSL1e2NFVf1U+UhZuYJiogRUp1wdqzFnXh/spBTzorZPAPZcmnNLhy7kz5oBiQkeLfd2g4u+eJ900tSIwylcSrsHzh/KGbcW4fxDv6FF4o2KoHY1nu/5txMKUnRk/x0e6bnDtCEsf54hdfKqMxtE5Gxvc0uSeinSsjkDGMzhWUVgrcHHX2O8I2Lqd4wNGZAXeiVttn4TVO7lmdnEJF/Yp3OuafLHakr5NYThbxmn4XQ3hkWIfzjk/4bMlKKvB1iaJujoz5d66DLVroMUNOcsnK3gK9LHAHB9pNhneyhrI+JOJwCrgwZ1loUa+1z1x05GGBw9guDQl6qj2GepAVhTjP3qkhQHvTRlr8a2cL9TUFsBu6Tye2MbzAzrOWEqzprxOfQ0mb/HRnLU9FO1Rn3Eo/toF6Ibp3d1gcaDSipoaP4jDTuI/dZ0YGoF+0CE6CjblfK7sTHt0RV9v8P2c67v2g/gfsPnIRrHU/7CLL1LqfpyKNkKdzZsWsHVvOTAIWU6Qn3PHwnIpyXisz54Q6PJ/YEjC8ibfyQpoflZ0o2eYey5RY7VOVQ0EbO6seVUCF6U8MsryhBuqiLE55ZicRqt4J4rd4t6UM2rw7iGpciCmaSwhnRO3OBcH9FGyvoQai2sa0Da2Z+idMdlZUOVAdKBOm9wU3Sfh4zmrahoZZC8mbMhZ2Kfgo/d3Lqi94E9CbnUXyorQtvfVBu+JLtLiezmfqakoovKhlG1ZUbwTYETICXh9CO97a7EfT+pURWAPBkp5/aMsaBSw4vAaWmKiHhaLSYtP58WO2+jlK18mzgsna8icQFLVRn+V88Hylu7OWVTT+E54I3UiRQII9lO+aoQVg6ByHYeqHBi2QkYPX7mLm2dxVsJNdRSWNFsSVjT52SR4+pJWpVA89z05oOu0nz7KF7m7Uaf7BAyJIXdt3Z23ysE6YO6b/Z5BElblxcT8RM/U7acznsx/MJvVk5myVcaXqT2crBw00XViGZnMQv9PrM9Zk/KbV5PnwyysjECHeSNH7Sze7wO3jOSFM7HDxp4cxm5O2BKr4Cw2vLN4wZj2U9uBabdkigpmHJjixe01tpkI7LWrnKKg/T4C/wWxSW9AADsoxwAAAABJRU5ErkJggg==
109,Fruits,2,iVBORw0KGgoAAAANSUhEUgAAADAAAAAwCAYAAABXAvmHAAAFiUlEQVRoQ+3Ye+hedR0H8Nd5dlHLeQF1WJGJFqhk6/ec1YwlWIaIEuTKpOWFEkd2seHoQmoXHZmki4J0KnRx1gpmFwVNrbEkb7/z/GyasbQMx1YIoayFTrffTnyec57x9Pye5znn93O/5eD3/e9wPtfv5/b+fBP7+Un2c/vNOPD/juBMBGYi8CpvYJ+m0Cinj/PEIp4bZHeLc5rcUdevferAGKfsZl2DJSM81Gvk4xz+CltwQsrmOk7sUwce4y3j/B07cW7KL7uNjAgl3JewsskVrzkHxjh1NxtKw56bywkn80LH0FHWJZyTMNrkXa85BzIux7e7DPtyyrXxnXEc/oJZ2J5yyD514EkOfon529l6Gjv6Kc+4HR/r+vejlIvWc+A8/oCR8t+OlIOm3YGnOeDfXJhzGU4sFUZ+j+HGJrcl7O5Nkc53zj0JSxJ+nLOky+A/p5w0rQ6UBfkLLBii6KkGF3U6TsaV+EYX/Ta8jKN6ZPwkZem0OZDxbtyFI0olccurG6wdZ2nCJV3Kx/H1lKsz3lzm+YEVxl2W8t1pceCPvHEXLczvKEg4v8ma+G7x05zz+ii/tcmyFivxpSHGvbCDYxazfa87kDEHDygi0H3Oxr8SPj/A+DZtwrqcC3J+nfD+AQZenXJVHeNLmXVJ27f71Zyv1eeYSJlwf84ncR/e1kuR8GDOB1JerKOn9iR+mPmzeRrz6ggeRlMaeQGiCby9D+2mBstG+H2VrtoOtLgpZ5miLV6XsGMK0YgWG2dOzm+j4OewJuf0AYb+LeehSL1e2NFVf1U+UhZuYJiogRUp1wdqzFnXh/spBTzorZPAPZcmnNLhy7kz5oBiQkeLfd2g4u+eJ900tSIwylcSrsHzh/KGbcW4fxDv6FF4o2KoHY1nu/5txMKUnRk/x0e6bnDtCEsf54hdfKqMxtE5Gxvc0uSeinSsjkDGMzhWUVgrcHHX2O8I2Lqd4wNGZAXeiVttn4TVO7lmdnEJF/Yp3OuafLHakr5NYThbxmn4XQ3hkWIfzjk/4bMlKKvB1iaJujoz5d66DLVroMUNOcsnK3gK9LHAHB9pNhneyhrI+JOJwCrgwZ1loUa+1z1x05GGBw9guDQl6qj2GepAVhTjP3qkhQHvTRlr8a2cL9TUFsBu6Tye2MbzAzrOWEqzprxOfQ0mb/HRnLU9FO1Rn3Eo/toF6Ibp3d1gcaDSipoaP4jDTuI/dZ0YGoF+0CE6CjblfK7sTHt0RV9v8P2c67v2g/gfsPnIRrHU/7CLL1LqfpyKNkKdzZsWsHVvOTAIWU6Qn3PHwnIpyXisz54Q6PJ/YEjC8ibfyQpoflZ0o2eYey5RY7VOVQ0EbO6seVUCF6U8MsryhBuqiLE55ZicRqt4J4rd4t6UM2rw7iGpciCmaSwhnRO3OBcH9FGyvoQai2sa0Da2Z+idMdlZUOVAdKBOm9wU3Sfh4zmrahoZZC8mbMhZ2Kfgo/d3Lqi94E9CbnUXyorQtvfVBu+JLtLiezmfqakoovKhlG1ZUbwTYETICXh9CO97a7EfT+pURWAPBkp5/aMsaBSw4vAaWmKiHhaLSYtP58WO2+jlK18mzgsna8icQFLVRn+V88Hylu7OWVTT+E54I3UiRQII9lO+aoQVg6ByHYeqHBi2QkYPX7mLm2dxVsJNdRSWNFsSVjT52SR4+pJWpVA89z05oOu0nz7KF7m7Uaf7BAyJIXdt3Z23ysE6YO6b/Z5BElblxcT8RM/U7acznsx/MJvVk5myVcaXqT2crBw00XViGZnMQv9PrM9Zk/KbV5PnwyysjECHeSNH7Sze7wO3jOSFM7HDxp4cxm5O2BKr4Cw2vLN4wZj2U9uBabdkigpmHJjixe01tpkI7LWrnKKg/T4C/wWxSW9AADsoxwAAAABJRU5ErkJggg==
110,Fruits,3,iVBORw0KGgoAAAANSUhEUgAAADAAAAAwCAYAAABXAvmHAAAFiUlEQVRoQ+3Ye+hedR0H8Nd5dlHLeQF1WJGJFqhk6/ec1YwlWIaIEuTKpOWFEkd2seHoQmoXHZmki4J0KnRx1gpmFwVNrbEkb7/z/GyasbQMx1YIoayFTrffTnyec57x9Pye5znn93O/5eD3/e9wPtfv5/b+fBP7+Un2c/vNOPD/juBMBGYi8CpvYJ+m0Cinj/PEIp4bZHeLc5rcUdevferAGKfsZl2DJSM81Gvk4xz+CltwQsrmOk7sUwce4y3j/B07cW7KL7uNjAgl3JewsskVrzkHxjh1NxtKw56bywkn80LH0FHWJZyTMNrkXa85BzIux7e7DPtyyrXxnXEc/oJZ2J5yyD514EkOfon529l6Gjv6Kc+4HR/r+vejlIvWc+A8/oCR8t+OlIOm3YGnOeDfXJhzGU4sFUZ+j+HGJrcl7O5Nkc53zj0JSxJ+nLOky+A/p5w0rQ6UBfkLLBii6KkGF3U6TsaV+EYX/Ta8jKN6ZPwkZem0OZDxbtyFI0olccurG6wdZ2nCJV3Kx/H1lKsz3lzm+YEVxl2W8t1pceCPvHEXLczvKEg4v8ma+G7x05zz+ii/tcmyFivxpSHGvbCDYxazfa87kDEHDygi0H3Oxr8SPj/A+DZtwrqcC3J+nfD+AQZenXJVHeNLmXVJ27f71Zyv1eeYSJlwf84ncR/e1kuR8GDOB1JerKOn9iR+mPmzeRrz6ggeRlMaeQGiCby9D+2mBstG+H2VrtoOtLgpZ5miLV6XsGMK0YgWG2dOzm+j4OewJuf0AYb+LeehSL1e2NFVf1U+UhZuYJiogRUp1wdqzFnXh/spBTzorZPAPZcmnNLhy7kz5oBiQkeLfd2g4u+eJ900tSIwylcSrsHzh/KGbcW4fxDv6FF4o2KoHY1nu/5txMKUnRk/x0e6bnDtCEsf54hdfKqMxtE5Gxvc0uSeinSsjkDGMzhWUVgrcHHX2O8I2Lqd4wNGZAXeiVttn4TVO7lmdnEJF/Yp3OuafLHakr5NYThbxmn4XQ3hkWIfzjk/4bMlKKvB1iaJujoz5d66DLVroMUNOcsnK3gK9LHAHB9pNhneyhrI+JOJwCrgwZ1loUa+1z1x05GGBw9guDQl6qj2GepAVhTjP3qkhQHvTRlr8a2cL9TUFsBu6Tye2MbzAzrOWEqzprxOfQ0mb/HRnLU9FO1Rn3Eo/toF6Ibp3d1gcaDSipoaP4jDTuI/dZ0YGoF+0CE6CjblfK7sTHt0RV9v8P2c67v2g/gfsPnIRrHU/7CLL1LqfpyKNkKdzZsWsHVvOTAIWU6Qn3PHwnIpyXisz54Q6PJ/YEjC8ibfyQpoflZ0o2eYey5RY7VOVQ0EbO6seVUCF6U8MsryhBuqiLE55ZicRqt4J4rd4t6UM2rw7iGpciCmaSwhnRO3OBcH9FGyvoQai2sa0Da2Z+idMdlZUOVAdKBOm9wU3Sfh4zmrahoZZC8mbMhZ2Kfgo/d3Lqi94E9CbnUXyorQtvfVBu+JLtLiezmfqakoovKhlG1ZUbwTYETICXh9CO97a7EfT+pURWAPBkp5/aMsaBSw4vAaWmKiHhaLSYtP58WO2+jlK18mzgsna8icQFLVRn+V88Hylu7OWVTT+E54I3UiRQII9lO+aoQVg6ByHYeqHBi2QkYPX7mLm2dxVsJNdRSWNFsSVjT52SR4+pJWpVA89z05oOu0nz7KF7m7Uaf7BAyJIXdt3Z23ysE6YO6b/Z5BElblxcT8RM/U7acznsx/MJvVk5myVcaXqT2crBw00XViGZnMQv9PrM9Zk/KbV5PnwyysjECHeSNH7Sze7wO3jOSFM7HDxp4cxm5O2BKr4Cw2vLN4wZj2U9uBabdkigpmHJjixe01tpkI7LWrnKKg/T4C/wWxSW9AADsoxwAAAABJRU5ErkJggg==
111,Geography India,1,iVBORw0KGgoAAAANSUhEUgAAADAAAAAwCAYAAABXAvmHAAAE2klEQVRoQ+1Ya2gcVRT+zmzShFJZWkxEwSLFhmpsTebOpkirrdW/pkJpEbS+Kr3bB32giPVX/ygiRbGYJpNKq1YUo2gp+EvxRa22O3dSjRGh2h8qRqNsCYomjTtH7jqru9N9zOxmI4Gdn3vvnnO+c77zuoQ5/tEctx8NAP93BBsRaESgRg/UlUK2cH4DsADA71JZl9Voa9G/NwCU82ojAiE4N+MUsoXTTAav4YxxA4ifBtAMYBpMjzLTCBnex1JZ0yFsC3VlxgDYwlkGpsdB3AsgXkb7BIDjnIk9kTzbfS6UlWUu1Qygr3N0QVPL5AEQPwQg5uvSHk/B8L4HUxrEi+AZV4M44UdEX9NReAHAI1JZf1QLpCYA/V3D1xixzAkAy30DRgA8BeAdqSzt6YLPFk6cme4g4scAdPqHnwPolcr6rhoQVQPwjf8MwBUAJkG8Z8yxDu8HeZUM2Q82rjTdbSA+AKAVwM8AeqoBURWALG1a/zzle14rXy+VdbqS4cHzgW73JjI8HcHLAZwFsCoqnaoCYJtqAMQy63lgbTXG58D4ID4A0ALiPukkdkZxRGQA2WoDfJlNWOKkdBJ2MYW2cOYDWKm9S4Y3zp6RKuVd21Q7QPy8TmzOxDqjVKfoAEz1Mog3AxgZU6KrGOdt4eiKpPmdX04nmGlv0hVHg4CzOSHUKIBlID4qncSDYaMQCYBuUgB+8Q27Wyrr1UsqjaleA/FdJQ1gOiZdcW+RCnUfgBcBpBcuOd++6Y1NmTAgIgEYTKRuZ4/eBTDV1DrZtuWT1Xra/PfzPX84hOL7pbJeyr93aPkXC2PzLuqCoJ20TipL50XFLxIA21R7QPwsmE5JV6wKGK85/2OFLpz7S3pqIn7Vrm+WTgVk6LK8Ekw7pSv6KloPlF/q/WkyX05L1kPEr0snUUATWzi3Ang/jFL/zs1SWScLAJjqTRBv8Lt0AbhS+0TZCNjC4RIG9UtlbQ94byOAobAAmGlD0hVvBWQcArCtiAxPKis3phQcVwJQwPFsrS4RgcHEmTXsGR+GBQCg/hEoUmHqmwOmOpMd+GYqB4IABrrd28jw3vM52hYc2AZM9QARH6kUBWbanHTFK0WqkC7RMTK8tVtTPR9VkqPPo1WhvD5QzAgt0LZSx8B0T0nlJRpVHvj0mBJtYYbCyACyBgpHNxvddEbHlFhRohPr82cALMoDkmam3UHP6/OhjUOxC+eXfAWgA0xHpCu2hPF+VQAGe053cCamZ6Hmclw9eO25lpb4RIKZ2ol4fGoingrW/ZyRtnB2AXjOp+Z1Ulnf1g2AH4VcuZtkz1iXHDY/DavwksIgnNV+/9Ad+KBU1u4osiLlQE5wYB/4lT2jtxoQ9j/Gvz3r+4AGEtjIpsD08Jhr9odJPp/zO/yJVXt+djeyPO4uBqA3qhv9377WO3Hm4rwT20dWXAhSQQ9sRvP0nf5O3OGf601Mb3SzuxPngZifff9h2hp4cXDB9AOIx8HUDmAxiLsCd/oB7Iu6RuY7pqocKJZkA13DS6npr31gWh8on8HraTAdB/GTUapNqcSeMQA5BT6/bwHT9dnR+7+Xub36Ze6n4e6TYfIkbCWacQD5ihuPuyHC0IhAOSfNeQqFYEDNV+pKoZqtCyGgASCEk+p6pRGBuro3hPC/AT0CFU+KOrdoAAAAAElFTkSuQmCC
112,Symbols India,1,iVBORw0KGgoAAAANSUhEUgAAAEAAAABACAYAAACqaXHeAAAEj0lEQVR4Xu2abYhUVRjHf88dYic/JInuKoQFpUhR0QuZYm/0JaKkMiSwzZKsKBPM3LkjFkOxO3fMKHuDSC3IMHohC6OvZS8kUpRCRVEiErprFPVBNmzmxD17d5mdnZdzZ87cO+zc8+V+uM95zv/53ee5L+e5QpcP6fL4SQAkGdDlBJIS6PIESG6CSQkkJRAzATXEQtnMz3HJiLUEVI4ZpDnEKJdIjlNxQIgXQJ77EV5DsVay7Og+AB6HgIuB78Tlsq4CoDyuBT4rC/oacfkiagixlYDyeA9YMRGw8K5kWNkVAJTHfOA3IFUWcJH/OFe28HuUEGLJAOWRB9wpgSoGJcuWaQ1A5UiT5hgwu0qgI8xgvqzn36ggRJ4BqsB9KHbVCbBfXHZPXwAe3wCX1wnwoLhcNS0BKI+lwJcNgytxtWzmQEM7CwaRloDy2APcZaB7t7j0G9i1bBIZADXIPFIcBc4wUH2aFOfIJkYMbFsyiQ5AnqcQnjBWKzwpGZ42tm/SsO0AlMdMSszD4VOgL4TO45S4Hodhcfk7xLxQpqEBqHdI8QuzSTEXxRxEH/sQeieOY4H2AnOAnlCKqhv77wUngROTjooTCCcZOw5TZIQF/CErKZquaQRAFbgRxfbgCs4CHNMFYrArAX8Cx3F4VAYmfXBNkWMEwJ+lPO4G/QJjchOLIe5JS/oZc6+4vN1IiDEADaHADSg+AGY2chzjef/q3y4u+000hAKgIQxxIQ4fA+eZLBCxzRFK3BRmjzE0AA1hkD5S7AOujDjAessdIMXysO8OTQHQEPwNzR72ICzvAAh7GWVVMxurTQMIIDj0sB1hXYwQnmeUjZLDv/uHHi0BGF9N5dmAsC3ix2MJYYNkeCF01GUTrAAInhB3oHgLSLciyHDuKYRVkmGvoX1NM2sAgifEEhw+qrHb06rW8fnDKG6VLAdtOLQKQEPYyvmU+ARYYENghY+fSHGzbOKILd/WAQSZsBiHr22JnPDjcIUM8K1Nv+0BkOcBhFdtCtW+hDWS4XWbftsF4A2E1TaFBgB2SIa1Nv22B4Cn293tuAf8IC4XdTQA9Qy9FBm2KXKSL8UsyfKXLf/WM0AVuC34YrSlsdLPLeLqjzErox0AtqHYaEVddSeeuGRt+W8HgK9QLLElsIqf/eJynS3/VgEEfb9/DHeNiiheRnhWZ4zwSEW3uFaMo5zNWfIgp21AsAvAYxnwuYEw/0eIdeLy/bit8rgUeAm0j/rDYufINoABoFBHvf90eLxW81PlcDiTfpT2UXsLXfGYZHmuESeT83YB5PmwxgaJv039IpAz2ePXvQSlGym1yuJ9cbnTJMBGNnYBeHrvvrLv76f7w+JyuJGYyvNBWbwCuqlaPvxmydyw/qrZWwOghliEw49li9RNd1PxZWWxNWi2jE11uEAG+NXUTy07ewDyrEHYCborY5zupgFMKQvhHsnwpun89gPwdPALm01300DKyuKwuDxkOi8KAMui+s9Pl0WapTbWs1YCrV6JuOYnAOIi3ynrJhnQKVciLh1JBsRFvlPWTTKgU65EXDr+B5BBHlDpPZKkAAAAAElFTkSuQmCC
113,Vegetables,1,iVBORw0KGgoAAAANSUhEUgAAADAAAAAwCAYAAABXAvmHAAAE/klEQVRoQ+3Ya4hVVRQH8N+ZmYYMy4pCemJpD4hMnWNoGZWhRfZBqCgqyyITen0JJKL3gwQTCqSMopI0LO3xoYgoiiKs9M4EhURUVKKZJVopg+nMPbE558rtNvd17s0SZsP9cs/a//X/77X22nuvyH4+ov2cv2EB/3UEhyMwHIEWV2CfpdBaJnTwJubHvNUi773TWxbwBYeNZ3stQsFmN70JX8fMiij+bwQUuAobYj6uRmodL0bM2s24s9jWLvIBp+UIFBiLr/AnfsSmiA8THo/p72NqkTURS3q4rZ3kWxJQ4HTMjFncy10Jj1SQ+2aA6V0sxawiZ2NPB9fj+CiNxAZsLXLkTh46n13NCmw6An1cUOQxTMicXRI25VrOjbgxYhJOQWfEuiS1OwDP4sYqBK+OeamXhwd590w+bFRIwwIKKYlncF0FeNiQcwKB8H+BU6X7YlYmsqMGmbDidw+w/AAeSJifpcXbncybwKZ6QhoSkJEPJXBmJWDEewkXx+zp5aaEJdmKB9OtOAIbQ0RwFPoTPupgxSGs2kL3gaweAntjJ9Mn8k0tEY0KCClzRwXQtojFk1gYymKBO/Fohc3etImYk/AkDi7ZRDzSw91Z5GYm3BoxEcdmNoH8hFAMqomoK6CPuMhnKKVCALt3BE+fxs4A3Ms1CcvKbEJ5C/m/CK9kzhcWWd6RrnZIs9JYNoJbS1jrWBlxReljwJjMgtwCelmdcGkZwGAn4ybyQyFNibDqlfvijW5u2MPshOfC3IRPJnPWekb2szjiWhyY4X7fyYV/8kcX32Jkmb8duzhmGjuGElEzAoU0f3/O8rd8/voBLpjCls8ZM8A5EWMidmRVZH0WmSsSVmYTd8ZZ+vRxRhcbBphUTKP4ZSixeB/ThthnV/bwch4BoZqsqBK+sEGfCr+YzSWbTNC8Dn5KeC073EIFG4zpyvL9V3wgPb37g/iEOeF8qOLr2Zh5TQvoZWmptNWqBNgSiGAUDs9sv4sZV+CFLMV2xYzIKloon7XK69/chUrXw4ymBRTSkJ5fh3zVzwkzwmbGGuyImZJdPUKeNzO+jBmfR0C421QLayMEQm6fEwwjLgp5XOB2PNHI5DKbrTFH5hHwW5YWTfr7m3nI87kx3yV09KYRCdeNZsaemO48AnaXnarNOKy0HYxYlaSn8eU5gH6POTSPgFB7y2tyDt9tmbIx5rg8Ar7GyW2h0AJIxJqe9Dr+j1HvIGupCrXAuXLqspi5TQto4hxoI9choebF6Xui6QiE6/M7/za7BvCPLj/ty+1rptArdJ7IL2WnawO+2m7SF9NTDbXudXodSyJuaTutBgEj7u/hgdwCPmV0V/oq2vsQadB3O8y2dzO2Vt+pbgQCiwL34MF2MGoGI2JBT/ooqjoaFXAQPpW2UvbV2DCKk09K+02tCQizwz1/MBUxeh8o6C9y3pnpvanmaCgCJYSsyxYOt9JTsB5+nu+DuCzmjUYmNyUgAK5lcgev45hGHDRpE56VN1c7tIbCalpAtqmPSng1YmqTBGuZ/4Ar47QD0vDIJSCgh0PuhLSVeF/WsGrYaYVhWPVl3Syo16ZvWwTKgQqEChVeWaG1Ut7vqScoXNWfH2DRlLRzl2vkjsBQ3rK+6OyIOEm7a2GfhKdgeNmFK8nm0B8Kj3R8FtqRuViXTWqrgFbJ5Jk/LCDPqrVzznAE2rmaebD2+wj8BeMPN0Dpaqs+AAAAAElFTkSuQmCC
114,Vegetables,2,iVBORw0KGgoAAAANSUhEUgAAADAAAAAwCAYAAABXAvmHAAAE/klEQVRoQ+3Ya4hVVRQH8N+ZmYYMy4pCemJpD4hMnWNoGZWhRfZBqCgqyyITen0JJKL3gwQTCqSMopI0LO3xoYgoiiKs9M4EhURUVKKZJVopg+nMPbE558rtNvd17s0SZsP9cs/a//X/77X22nuvyH4+ov2cv2EB/3UEhyMwHIEWV2CfpdBaJnTwJubHvNUi773TWxbwBYeNZ3stQsFmN70JX8fMiij+bwQUuAobYj6uRmodL0bM2s24s9jWLvIBp+UIFBiLr/AnfsSmiA8THo/p72NqkTURS3q4rZ3kWxJQ4HTMjFncy10Jj1SQ+2aA6V0sxawiZ2NPB9fj+CiNxAZsLXLkTh46n13NCmw6An1cUOQxTMicXRI25VrOjbgxYhJOQWfEuiS1OwDP4sYqBK+OeamXhwd590w+bFRIwwIKKYlncF0FeNiQcwKB8H+BU6X7YlYmsqMGmbDidw+w/AAeSJifpcXbncybwKZ6QhoSkJEPJXBmJWDEewkXx+zp5aaEJdmKB9OtOAIbQ0RwFPoTPupgxSGs2kL3gaweAntjJ9Mn8k0tEY0KCClzRwXQtojFk1gYymKBO/Fohc3etImYk/AkDi7ZRDzSw91Z5GYm3BoxEcdmNoH8hFAMqomoK6CPuMhnKKVCALt3BE+fxs4A3Ms1CcvKbEJ5C/m/CK9kzhcWWd6RrnZIs9JYNoJbS1jrWBlxReljwJjMgtwCelmdcGkZwGAn4ybyQyFNibDqlfvijW5u2MPshOfC3IRPJnPWekb2szjiWhyY4X7fyYV/8kcX32Jkmb8duzhmGjuGElEzAoU0f3/O8rd8/voBLpjCls8ZM8A5EWMidmRVZH0WmSsSVmYTd8ZZ+vRxRhcbBphUTKP4ZSixeB/ThthnV/bwch4BoZqsqBK+sEGfCr+YzSWbTNC8Dn5KeC073EIFG4zpyvL9V3wgPb37g/iEOeF8qOLr2Zh5TQvoZWmptNWqBNgSiGAUDs9sv4sZV+CFLMV2xYzIKloon7XK69/chUrXw4ymBRTSkJ5fh3zVzwkzwmbGGuyImZJdPUKeNzO+jBmfR0C421QLayMEQm6fEwwjLgp5XOB2PNHI5DKbrTFH5hHwW5YWTfr7m3nI87kx3yV09KYRCdeNZsaemO48AnaXnarNOKy0HYxYlaSn8eU5gH6POTSPgFB7y2tyDt9tmbIx5rg8Ar7GyW2h0AJIxJqe9Dr+j1HvIGupCrXAuXLqspi5TQto4hxoI9choebF6Xui6QiE6/M7/za7BvCPLj/ty+1rptArdJ7IL2WnawO+2m7SF9NTDbXudXodSyJuaTutBgEj7u/hgdwCPmV0V/oq2vsQadB3O8y2dzO2Vt+pbgQCiwL34MF2MGoGI2JBT/ooqjoaFXAQPpW2UvbV2DCKk09K+02tCQizwz1/MBUxeh8o6C9y3pnpvanmaCgCJYSsyxYOt9JTsB5+nu+DuCzmjUYmNyUgAK5lcgev45hGHDRpE56VN1c7tIbCalpAtqmPSng1YmqTBGuZ/4Ar47QD0vDIJSCgh0PuhLSVeF/WsGrYaYVhWPVl3Syo16ZvWwTKgQqEChVeWaG1Ut7vqScoXNWfH2DRlLRzl2vkjsBQ3rK+6OyIOEm7a2GfhKdgeNmFK8nm0B8Kj3R8FtqRuViXTWqrgFbJ5Jk/LCDPqrVzznAE2rmaebD2+wj8BeMPN0Dpaqs+AAAAAElFTkSuQmCC
115,Vegetables,3,iVBORw0KGgoAAAANSUhEUgAAADAAAAAwCAYAAABXAvmHAAAE/klEQVRoQ+3Ya4hVVRQH8N+ZmYYMy4pCemJpD4hMnWNoGZWhRfZBqCgqyyITen0JJKL3gwQTCqSMopI0LO3xoYgoiiKs9M4EhURUVKKZJVopg+nMPbE558rtNvd17s0SZsP9cs/a//X/77X22nuvyH4+ov2cv2EB/3UEhyMwHIEWV2CfpdBaJnTwJubHvNUi773TWxbwBYeNZ3stQsFmN70JX8fMiij+bwQUuAobYj6uRmodL0bM2s24s9jWLvIBp+UIFBiLr/AnfsSmiA8THo/p72NqkTURS3q4rZ3kWxJQ4HTMjFncy10Jj1SQ+2aA6V0sxawiZ2NPB9fj+CiNxAZsLXLkTh46n13NCmw6An1cUOQxTMicXRI25VrOjbgxYhJOQWfEuiS1OwDP4sYqBK+OeamXhwd590w+bFRIwwIKKYlncF0FeNiQcwKB8H+BU6X7YlYmsqMGmbDidw+w/AAeSJifpcXbncybwKZ6QhoSkJEPJXBmJWDEewkXx+zp5aaEJdmKB9OtOAIbQ0RwFPoTPupgxSGs2kL3gaweAntjJ9Mn8k0tEY0KCClzRwXQtojFk1gYymKBO/Fohc3etImYk/AkDi7ZRDzSw91Z5GYm3BoxEcdmNoH8hFAMqomoK6CPuMhnKKVCALt3BE+fxs4A3Ms1CcvKbEJ5C/m/CK9kzhcWWd6RrnZIs9JYNoJbS1jrWBlxReljwJjMgtwCelmdcGkZwGAn4ybyQyFNibDqlfvijW5u2MPshOfC3IRPJnPWekb2szjiWhyY4X7fyYV/8kcX32Jkmb8duzhmGjuGElEzAoU0f3/O8rd8/voBLpjCls8ZM8A5EWMidmRVZH0WmSsSVmYTd8ZZ+vRxRhcbBphUTKP4ZSixeB/ThthnV/bwch4BoZqsqBK+sEGfCr+YzSWbTNC8Dn5KeC073EIFG4zpyvL9V3wgPb37g/iEOeF8qOLr2Zh5TQvoZWmptNWqBNgSiGAUDs9sv4sZV+CFLMV2xYzIKloon7XK69/chUrXw4ymBRTSkJ5fh3zVzwkzwmbGGuyImZJdPUKeNzO+jBmfR0C421QLayMEQm6fEwwjLgp5XOB2PNHI5DKbrTFH5hHwW5YWTfr7m3nI87kx3yV09KYRCdeNZsaemO48AnaXnarNOKy0HYxYlaSn8eU5gH6POTSPgFB7y2tyDt9tmbIx5rg8Ar7GyW2h0AJIxJqe9Dr+j1HvIGupCrXAuXLqspi5TQto4hxoI9choebF6Xui6QiE6/M7/za7BvCPLj/ty+1rptArdJ7IL2WnawO+2m7SF9NTDbXudXodSyJuaTutBgEj7u/hgdwCPmV0V/oq2vsQadB3O8y2dzO2Vt+pbgQCiwL34MF2MGoGI2JBT/ooqjoaFXAQPpW2UvbV2DCKk09K+02tCQizwz1/MBUxeh8o6C9y3pnpvanmaCgCJYSsyxYOt9JTsB5+nu+DuCzmjUYmNyUgAK5lcgev45hGHDRpE56VN1c7tIbCalpAtqmPSng1YmqTBGuZ/4Ar47QD0vDIJSCgh0PuhLSVeF/WsGrYaYVhWPVl3Syo16ZvWwTKgQqEChVeWaG1Ut7vqScoXNWfH2DRlLRzl2vkjsBQ3rK+6OyIOEm7a2GfhKdgeNmFK8nm0B8Kj3R8FtqRuViXTWqrgFbJ5Jk/LCDPqrVzznAE2rmaebD2+wj8BeMPN0Dpaqs+AAAAAElFTkSuQmCC
116,Health,2,iVBORw0KGgoAAAANSUhEUgAAADAAAAAwCAYAAABXAvmHAAAA2ElEQVRoQ+2X0QnDMAxEL3SOQLND9p+gOzTQOUpKIPTDNBaH7SaG51/ZsnR3nK1Bna+h8/pFA2czCAMwUIhAdQk9pKeke6auZZamwrq/x2kgRRIGTG0hISRkSibdjoSQEBIqRAAJFQKYdaH9W+BeMUq6ZQ69Jb3cpEcfwKiB1b2o1f5Zv8dfGmiFeJoXBv6F9NE9MNArA9uA7q7rvANu5dt+ZmITNQYafqOmZJiJI8BwoQihJI4L4UKmZHChCLDuXShqsHa8ugvVLjDKRwMRQq3jMNAa4Sj/B+EiZDEFMEGLAAAAAElFTkSuQmCC
117,Health,3,iVBORw0KGgoAAAANSUhEUgAAADAAAAAwCAYAAABXAvmHAAAA2ElEQVRoQ+2X0QnDMAxEL3SOQLND9p+gOzTQOUpKIPTDNBaH7SaG51/ZsnR3nK1Bna+h8/pFA2czCAMwUIhAdQk9pKeke6auZZamwrq/x2kgRRIGTG0hISRkSibdjoSQEBIqRAAJFQKYdaH9W+BeMUq6ZQ69Jb3cpEcfwKiB1b2o1f5Zv8dfGmiFeJoXBv6F9NE9MNArA9uA7q7rvANu5dt+ZmITNQYafqOmZJiJI8BwoQihJI4L4UKmZHChCLDuXShqsHa8ugvVLjDKRwMRQq3jMNAa4Sj/B+EiZDEFMEGLAAAAAElFTkSuQmCC
118,Trees,2,iVBORw0KGgoAAAANSUhEUgAAADAAAAAwCAYAAABXAvmHAAAEHUlEQVRoQ+2ZbYhUVRjHf2d2190PxeKHCCOkFxLDXmTnTi8SUVaCUYKYEZULac7xBTYXYyki26gwkSCEaq9UH1rqgxZERZGUkYEke2cpy5As+9CmFZEZYo6zc0/c2wxMM3fmnHvunWJhzsd7nuf//P/nOec855wrmOFNzHD+dAT83xnsZKCTgYQjkPoUeuEQ53Sf5lkEtwHnI5gQZZ7IX8P+hFwj3VMR4HoMILgFxbnAncDCumhFYJl02JO2iMQCXI+twAiQ0ZA7BKwBDkuHk2kJSSTA9bgB+CwmmTMoNskcbky/5FPI9ViJYBOK8xDsxWcawUZLIouFok/BEgRngLelw4G4WMYZGCvwgFC8GjdAC/tgGvXX9PvAsHTYESeGsQDX40fgwjjgFrbFrrNc8OAifjf1NRLw4kFmd501BzUN3sRusXT4xBRDK8D1mI8gj2LYFDSBXbAWLpEOx00xWgpwPW4G3gf6TAET2Sn2qS4eXzfAPlMcnYCvgQWmYKnZCT6d7uOOjQs4pcPUCQhS2qsDaVP/S9Jhgw5bJ+Bz4FodSJv6g212S3kW4xuu4kSzGC0FjE1yo/D58D9bA9EsvwVuaraw4+xCwVpYYjnaZaDL0hcE4zLLYJS/VkDVqXJoe8SSxFTCInhKOuFJt6HFEXAMmGMlQPARilutfP9xOiId5lkLqNSDvdYEBKMoRq39FdtlLjyyx8tAeIQosju8rCRoSrBMKHZZbQaKdxGskA6l2ALcAq+hWJWAe9X1PmAzMBATa4t0eKqVj64O/GU1ao0RH0WQQfFMTAG/Zaa5Yu11/GJVB1yPo8DFMYNGTVQ3U+Jpv5vv4lZ2oRjM5xi3EzDBCIJtiQXA1OyjXHTiUp5E8VhMvIelw3NWAkYVmTmTbEYxVNnHTQtSsOC+B+bXBL672M87vSfD0VxZR+hXCKfJlXXfyypDdt0AX1oJqHXacYTe3j94GcH9mhH8ARhEcU/dffkbYFHwIuEWyOOzPFwXgi9QPO/3UM6UwgeC6n5/GsGwzLLTehHXO7oec4HggFdb0KZUhuVASfgUpcPhwM8t8AqK1f/CUHyMYGmzLTEYpFl/hneQHtXNgfVXE2SmZTOuxFWUsDaUGEIxD4Xn97Br/UJ+ihD7OnBv/XehuCuf4y0dMdP+2AJMgd0Cb6JY0WAvGJFZtpvi6OzaJ2CC/QiujyBgdFHREa/2t0+Ax8/h427DHOIDmeV2U4I6u7YICB97odAkePA2ermOmGl/6gIqteM9FEubkPD9buZGLXxT0rV2qQoYm8QRiq3as79ip8whbQg3zsgUUCo/Nd5AhP8GTFvw+vaQdPjK1CHKLpUMuAW2oaIvHAbkdhf7WTV0GcFPkNgtFQGxo6bo0BGQ4mBaQXUyYDVsKTrN+Az8Dc37FECSYRCrAAAAAElFTkSuQmCC
119,Trees,3,iVBORw0KGgoAAAANSUhEUgAAADAAAAAwCAYAAABXAvmHAAAEHUlEQVRoQ+2ZbYhUVRjHf2d2190PxeKHCCOkFxLDXmTnTi8SUVaCUYKYEZULac7xBTYXYyki26gwkSCEaq9UH1rqgxZERZGUkYEke2cpy5As+9CmFZEZYo6zc0/c2wxMM3fmnHvunWJhzsd7nuf//P/nOec855wrmOFNzHD+dAT83xnsZKCTgYQjkPoUeuEQ53Sf5lkEtwHnI5gQZZ7IX8P+hFwj3VMR4HoMILgFxbnAncDCumhFYJl02JO2iMQCXI+twAiQ0ZA7BKwBDkuHk2kJSSTA9bgB+CwmmTMoNskcbky/5FPI9ViJYBOK8xDsxWcawUZLIouFok/BEgRngLelw4G4WMYZGCvwgFC8GjdAC/tgGvXX9PvAsHTYESeGsQDX40fgwjjgFrbFrrNc8OAifjf1NRLw4kFmd501BzUN3sRusXT4xBRDK8D1mI8gj2LYFDSBXbAWLpEOx00xWgpwPW4G3gf6TAET2Sn2qS4eXzfAPlMcnYCvgQWmYKnZCT6d7uOOjQs4pcPUCQhS2qsDaVP/S9Jhgw5bJ+Bz4FodSJv6g212S3kW4xuu4kSzGC0FjE1yo/D58D9bA9EsvwVuaraw4+xCwVpYYjnaZaDL0hcE4zLLYJS/VkDVqXJoe8SSxFTCInhKOuFJt6HFEXAMmGMlQPARilutfP9xOiId5lkLqNSDvdYEBKMoRq39FdtlLjyyx8tAeIQosju8rCRoSrBMKHZZbQaKdxGskA6l2ALcAq+hWJWAe9X1PmAzMBATa4t0eKqVj64O/GU1ao0RH0WQQfFMTAG/Zaa5Yu11/GJVB1yPo8DFMYNGTVQ3U+Jpv5vv4lZ2oRjM5xi3EzDBCIJtiQXA1OyjXHTiUp5E8VhMvIelw3NWAkYVmTmTbEYxVNnHTQtSsOC+B+bXBL672M87vSfD0VxZR+hXCKfJlXXfyypDdt0AX1oJqHXacYTe3j94GcH9mhH8ARhEcU/dffkbYFHwIuEWyOOzPFwXgi9QPO/3UM6UwgeC6n5/GsGwzLLTehHXO7oec4HggFdb0KZUhuVASfgUpcPhwM8t8AqK1f/CUHyMYGmzLTEYpFl/hneQHtXNgfVXE2SmZTOuxFWUsDaUGEIxD4Xn97Br/UJ+ihD7OnBv/XehuCuf4y0dMdP+2AJMgd0Cb6JY0WAvGJFZtpvi6OzaJ2CC/QiujyBgdFHREa/2t0+Ax8/h427DHOIDmeV2U4I6u7YICB97odAkePA2ermOmGl/6gIqteM9FEubkPD9buZGLXxT0rV2qQoYm8QRiq3as79ip8whbQg3zsgUUCo/Nd5AhP8GTFvw+vaQdPjK1CHKLpUMuAW2oaIvHAbkdhf7WTV0GcFPkNgtFQGxo6bo0BGQ4mBaQXUyYDVsKTrN+Az8Dc37FECSYRCrAAAAAElFTkSuQmCC
120,India,1,iVBORw0KGgoAAAANSUhEUgAAADAAAAAwCAYAAABXAvmHAAACtklEQVRoQ+2Zz0tUURTHP+c9V5EEYUbUxqKSIIgIjBaR48zQIqMQIWpjiwiqVX+B+6BACDdtapNCPyQIHH1vcJHZIqM2BUUQBAoiighj4PhOvHJqMJ33ozejA/du7znnfj/nnBnuuU+o8yV1rh8DsNkVNBXY8hXQTOYgqu14niv5/NfNFrz2/IotpB0duxH5AjQCC1jWIRkZmdlKEEEAFxB5Xib4HMWii22fRaQDkeOo7gKagO3AHOADv8K2BySX+xAXVjs7tzE1tSyTk8uVYlQGSKe7gCdlAV4AJ4HmUMJEXgP9zM0NBgkpj6fp9C3gDjDP0tJhGR9f3Oi8qAChdK9jNI1qPysr/TI2NrtREM1kjgH3UT31x0b1krju4GYDlM7/Abj4lVH1oRqxrCZU9wFngJZ/hIpck9HRB0kBzKLah8gJ4HzcckTySxjgtjjOPe3utpmf/w7siSQmjnGiAKoXxXWHfB2aTr8B2uJoiuRjAMr/Rk0FIjXPb2PTQqaFYrRNuYtpIdNCpoUSvMyp9ojrPly9SnwCWv8zv8Huif6I4T2edxPL8u9Ad4NPT8AiYYAEFEUMUfcA0CWO8yypgWa9OP68Og3Yq7Oy/4KR1FqkWNxfaQyNMxP7gh8j8pRCYWLtwK2p1AEs6zRwGWhfBYsDVED1Smn+SKoCQ9j2Dcnl/IwHLk2l9mJZPkgPcCTQ4a/BWzzvuuTz74J8olWgbB4ICrx2X7PZNlSvotoN7FzHfxkRB897JK47EDZ+zQBKgrS312Ji4ijFYisiPsgMqlOIfBTHWQgrvGRXc4CoAoPsDUBQhqq9bypQ7QwHxY/8vC6O8zIoaC33KwNks8143mdgx6+nbstqrasPHH4mNZttwfPaaWjIy/Dwt1pmN8xZ5itlmCxV08ZUoJrZDRPbVCBMlqpp8xNwwppAXNFPOAAAAABJRU5ErkJggg==
121,India,2,iVBORw0KGgoAAAANSUhEUgAAADAAAAAwCAYAAABXAvmHAAACtklEQVRoQ+2Zz0tUURTHP+c9V5EEYUbUxqKSIIgIjBaR48zQIqMQIWpjiwiqVX+B+6BACDdtapNCPyQIHH1vcJHZIqM2BUUQBAoiighj4PhOvHJqMJ33ozejA/du7znnfj/nnBnuuU+o8yV1rh8DsNkVNBXY8hXQTOYgqu14niv5/NfNFrz2/IotpB0duxH5AjQCC1jWIRkZmdlKEEEAFxB5Xib4HMWii22fRaQDkeOo7gKagO3AHOADv8K2BySX+xAXVjs7tzE1tSyTk8uVYlQGSKe7gCdlAV4AJ4HmUMJEXgP9zM0NBgkpj6fp9C3gDjDP0tJhGR9f3Oi8qAChdK9jNI1qPysr/TI2NrtREM1kjgH3UT31x0b1krju4GYDlM7/Abj4lVH1oRqxrCZU9wFngJZ/hIpck9HRB0kBzKLah8gJ4HzcckTySxjgtjjOPe3utpmf/w7siSQmjnGiAKoXxXWHfB2aTr8B2uJoiuRjAMr/Rk0FIjXPb2PTQqaFYrRNuYtpIdNCpoUSvMyp9ojrPly9SnwCWv8zv8Huif6I4T2edxPL8u9Ad4NPT8AiYYAEFEUMUfcA0CWO8yypgWa9OP68Og3Yq7Oy/4KR1FqkWNxfaQyNMxP7gh8j8pRCYWLtwK2p1AEs6zRwGWhfBYsDVED1Smn+SKoCQ9j2Dcnl/IwHLk2l9mJZPkgPcCTQ4a/BWzzvuuTz74J8olWgbB4ICrx2X7PZNlSvotoN7FzHfxkRB897JK47EDZ+zQBKgrS312Ji4ijFYisiPsgMqlOIfBTHWQgrvGRXc4CoAoPsDUBQhqq9bypQ7QwHxY/8vC6O8zIoaC33KwNks8143mdgx6+nbstqrasPHH4mNZttwfPaaWjIy/Dwt1pmN8xZ5itlmCxV08ZUoJrZDRPbVCBMlqpp8xNwwppAXNFPOAAAAABJRU5ErkJggg==
122,Sports India,1,iVBORw0KGgoAAAANSUhEUgAAADAAAAAwCAYAAABXAvmHAAADWElEQVRoQ+2WT2gUVxzHP78JaJEW/1DEYg8e2ioRjGxmIZR6kBYqpacmOwkqSCvOhjZIDj1IT8GLJ2mllbpTD5ZCyE7SHuoheFAvosSdDaZVSwsWhDbQHoJBbKvZvidjs2UjifPerJsSOnOa4fd93+/v+/u+mXnCCr9khfdPZuC/TjBLIEugyQlkW6jJATa9PEug6RE2SfD/TWBoSDvt05PnQK1rbogy4wXum2k5UicQFqt70Ho8rXDjOhHnjUIpdz4NV3oDfhQChTSii6wZ9gJ3XxquVAbCg5c30LZqGlidRnSRNX8Bm7zAnbXlS2Wg7EeHBU7YiiXg3/cC93NbzlQGQj+6BnTYij0ZryMvyOdtOa0NjBUnXaVVxVbIBK/E2dlXyk2ZYOsYawPlYnW/aN1tI2KKFa3LhS/yI6b4GGdtwIZ8ObBWBr72oxdqyKCgOoG1T7dB5w7oqKZqn+w93fWbKbexgdCPXgO+BdabkqfEzSDO214pd8VkvZGBs3605k+4AWwBbiJyVLRWGj4CdpoILY3RZdF8iThbNXpoPtlbz65eu/2tT1++n8RtZKDsR7sFLgB/t6nalu7TXb/ExN/0T22sqbnbwDNJQkvUJ7zA7arXyn50QODM/PMuL3AvJfEaGqh+IOjPgF+9wH2xkTT0ox+BV5KEFqsL+mQhyA/Ua2OHrm5X4lx/9CxS9EqdQRKvkYFRvzqo0R/HZI44+Z5SLorvw+JkO1p9B7QlCS1R/+neg7sd757ZHR8lCP3oCHAsvtfIQG/QeTKJ19oAMKuRksAc6CLwfJJIQn1KI6HANtB768NopYEm+zVb/nQNFCdfV1r1/TMl4s9p4zWh4XuzthaiBPYAC94pYFRDfCod7g3ci0m8RluoTjLqV4oaOdVIKvBhIXCPJwktVg/9yjhIbOLfS8FLfYF7y5QvM7CiEpg/iX61cAvp/kKQL5lG3ogL/eoYLDzZ1lRtU0vOQo++0/3XNqNqPwDPzTfyh4IdNnu20cBjf97463/FC/Kv2gzD6h2IiUf8KOfAERAHkeOmh66lmiofqrwn4vQI6uc2Z9XRd051/N5SAzbky4G1TmA5mrLRyAzYTKsV2CyBVkzVhjNLwGZarcBmCbRiqjacWQI202oF9iGPYxNAgvxmRAAAAABJRU5ErkJggg==
123,Birds,1,iVBORw0KGgoAAAANSUhEUgAAADAAAAAwCAYAAABXAvmHAAADx0lEQVRoQ+2YTWgcZRjHf89kg0ENJaWgVqkKVWzrR7O7tX5Qa8lOc6ki1kMpRaSHnqJFSqHWHnpoUaQHwQp6EPxA8CAIHqzuLCQV9ZKdWIVCpJaCNGhrUKRSNp3MPDKbVGOyszPvZHbbwA7MYZj/87z/3/s8M+87IyzxQ5a4fzoA17qCnQp0KrDIGWhbC2m10M0fuh+xtoHeD/yGcgL1jsrgjxfTcrQFQIcLK/CpoDzUwOgkAZtk0B1PA9EeACf/Kcj2JgbP8K17nxwmMIVoOYBW+tei1ul4Y/Ki2NXj8br/K1oP4BR3g7630JhuBwl7fwTomr1/BuEkKhOz16sI/Pdl8Puvo8BaD1Au7EM4tsCABOvw/Ums7l+AGyIM+qg8K1urn187AKewE/i4gYEp4ArQG2HuAmLtktJopVlbtb4ClYfvRf2fEve28APKJ+Rqx2XL6b/j4loOEBpQp+AC+YZmhL0EwXf4Osl010V5yr0cZ3ru/XYBHABea2DsV7HdlSaG52vbA/BV/xNY1skGRsfFdtdc/wDRz8EUNZabtk37WyjcSkzze8Qz8IKU3A/SVqE9LVTuLyLWaITJc+R618qWkVoaiPYAOMUh0LeaGHxFbPf16xKgvo3+k3AduLuJwUsE3uo02+qWV0Cd/BGQV2NnV+RtKVWHYnXzBC0F0Ep+DyrvJjTlYbFGBtyzCfV1WUsAZr6+OIbwkokZUlQhcwAtF59G9AjwgJH5GfGE2O4dJnGZAOiXjy4nN/UcKruBjSYGFmhztd4km7ircYkB9DAWmzeuxAtWYAV9BHo7Ut+g5UEeA7oXZfy/4DvFdsNvhERHIoC6+ccLP8e8ChMNGCPy6OMmKbpe0mSxADM9zU4IbgXZnDRxSt1Zsd3VJrEJADasR4IvgNtMEqfT6kdijz1vEhsLECar/9eZ1ndifo2YjBul3SS2+41JokQAVxNqOb8LkaPAKpNBkmnNZz/VQqbDT/bgX9qDchC4JZm5WFU469vEdv+KVc4TGFVgbqwOr7sZv+dllH3AMtOBZ/U+yIfUdCjtR01qgH/byiksAx0AKQHheU8CmAugZSx5UwbcsQT6SMmiAeZn1hPr7yLXFa4Zl0EOImoR0I3FJBqe1oRsHT21GNNzYzMHqL+1nMJ54LzY7iNZGY3KkzmAVgrPoHwG+EAV1AIJ/316oBWxxw5lCZU9gJMfabJie4gcklL1jawgsgcI305ezw6s+q50A1p/qG+cNTxOHw+a7HXiQDMHiBsw6/sdgKxn1DRfpwKmM5a1fslX4B/rzB5AEFPP2gAAAABJRU5ErkJggg==
124,Birds,2,iVBORw0KGgoAAAANSUhEUgAAADAAAAAwCAYAAABXAvmHAAADx0lEQVRoQ+2YTWgcZRjHf89kg0ENJaWgVqkKVWzrR7O7tX5Qa8lOc6ki1kMpRaSHnqJFSqHWHnpoUaQHwQp6EPxA8CAIHqzuLCQV9ZKdWIVCpJaCNGhrUKRSNp3MPDKbVGOyszPvZHbbwA7MYZj/87z/3/s8M+87IyzxQ5a4fzoA17qCnQp0KrDIGWhbC2m10M0fuh+xtoHeD/yGcgL1jsrgjxfTcrQFQIcLK/CpoDzUwOgkAZtk0B1PA9EeACf/Kcj2JgbP8K17nxwmMIVoOYBW+tei1ul4Y/Ki2NXj8br/K1oP4BR3g7630JhuBwl7fwTomr1/BuEkKhOz16sI/Pdl8Puvo8BaD1Au7EM4tsCABOvw/Ums7l+AGyIM+qg8K1urn187AKewE/i4gYEp4ArQG2HuAmLtktJopVlbtb4ClYfvRf2fEve28APKJ+Rqx2XL6b/j4loOEBpQp+AC+YZmhL0EwXf4Osl010V5yr0cZ3ru/XYBHABea2DsV7HdlSaG52vbA/BV/xNY1skGRsfFdtdc/wDRz8EUNZabtk37WyjcSkzze8Qz8IKU3A/SVqE9LVTuLyLWaITJc+R618qWkVoaiPYAOMUh0LeaGHxFbPf16xKgvo3+k3AduLuJwUsE3uo02+qWV0Cd/BGQV2NnV+RtKVWHYnXzBC0F0Ep+DyrvJjTlYbFGBtyzCfV1WUsAZr6+OIbwkokZUlQhcwAtF59G9AjwgJH5GfGE2O4dJnGZAOiXjy4nN/UcKruBjSYGFmhztd4km7ircYkB9DAWmzeuxAtWYAV9BHo7Ut+g5UEeA7oXZfy/4DvFdsNvhERHIoC6+ccLP8e8ChMNGCPy6OMmKbpe0mSxADM9zU4IbgXZnDRxSt1Zsd3VJrEJADasR4IvgNtMEqfT6kdijz1vEhsLECar/9eZ1ndifo2YjBul3SS2+41JokQAVxNqOb8LkaPAKpNBkmnNZz/VQqbDT/bgX9qDchC4JZm5WFU469vEdv+KVc4TGFVgbqwOr7sZv+dllH3AMtOBZ/U+yIfUdCjtR01qgH/byiksAx0AKQHheU8CmAugZSx5UwbcsQT6SMmiAeZn1hPr7yLXFa4Zl0EOImoR0I3FJBqe1oRsHT21GNNzYzMHqL+1nMJ54LzY7iNZGY3KkzmAVgrPoHwG+EAV1AIJ/316oBWxxw5lCZU9gJMfabJie4gcklL1jawgsgcI305ezw6s+q50A1p/qG+cNTxOHw+a7HXiQDMHiBsw6/sdgKxn1DRfpwKmM5a1fslX4B/rzB5AEFPP2gAAAABJRU5ErkJggg==
125,Birds,3,iVBORw0KGgoAAAANSUhEUgAAADAAAAAwCAYAAABXAvmHAAADx0lEQVRoQ+2YTWgcZRjHf89kg0ENJaWgVqkKVWzrR7O7tX5Qa8lOc6ki1kMpRaSHnqJFSqHWHnpoUaQHwQp6EPxA8CAIHqzuLCQV9ZKdWIVCpJaCNGhrUKRSNp3MPDKbVGOyszPvZHbbwA7MYZj/87z/3/s8M+87IyzxQ5a4fzoA17qCnQp0KrDIGWhbC2m10M0fuh+xtoHeD/yGcgL1jsrgjxfTcrQFQIcLK/CpoDzUwOgkAZtk0B1PA9EeACf/Kcj2JgbP8K17nxwmMIVoOYBW+tei1ul4Y/Ki2NXj8br/K1oP4BR3g7630JhuBwl7fwTomr1/BuEkKhOz16sI/Pdl8Puvo8BaD1Au7EM4tsCABOvw/Ums7l+AGyIM+qg8K1urn187AKewE/i4gYEp4ArQG2HuAmLtktJopVlbtb4ClYfvRf2fEve28APKJ+Rqx2XL6b/j4loOEBpQp+AC+YZmhL0EwXf4Osl010V5yr0cZ3ru/XYBHABea2DsV7HdlSaG52vbA/BV/xNY1skGRsfFdtdc/wDRz8EUNZabtk37WyjcSkzze8Qz8IKU3A/SVqE9LVTuLyLWaITJc+R618qWkVoaiPYAOMUh0LeaGHxFbPf16xKgvo3+k3AduLuJwUsE3uo02+qWV0Cd/BGQV2NnV+RtKVWHYnXzBC0F0Ep+DyrvJjTlYbFGBtyzCfV1WUsAZr6+OIbwkokZUlQhcwAtF59G9AjwgJH5GfGE2O4dJnGZAOiXjy4nN/UcKruBjSYGFmhztd4km7ircYkB9DAWmzeuxAtWYAV9BHo7Ut+g5UEeA7oXZfy/4DvFdsNvhERHIoC6+ccLP8e8ChMNGCPy6OMmKbpe0mSxADM9zU4IbgXZnDRxSt1Zsd3VJrEJADasR4IvgNtMEqfT6kdijz1vEhsLECar/9eZ1ndifo2YjBul3SS2+41JokQAVxNqOb8LkaPAKpNBkmnNZz/VQqbDT/bgX9qDchC4JZm5WFU469vEdv+KVc4TGFVgbqwOr7sZv+dllH3AMtOBZ/U+yIfUdCjtR01qgH/byiksAx0AKQHheU8CmAugZSx5UwbcsQT6SMmiAeZn1hPr7yLXFa4Zl0EOImoR0I3FJBqe1oRsHT21GNNzYzMHqL+1nMJ54LzY7iNZGY3KkzmAVgrPoHwG+EAV1AIJ/316oBWxxw5lCZU9gJMfabJie4gcklL1jawgsgcI305ezw6s+q50A1p/qG+cNTxOHw+a7HXiQDMHiBsw6/sdgKxn1DRfpwKmM5a1fslX4B/rzB5AEFPP2gAAAABJRU5ErkJggg==
